Entry,label_encoded
Q9UKF2,0
P60953,0
Q92985,3
Q8N131,1
Q8NH79,1
Q96PL2,2
Q9BY41,0
O00270,1
Q96DT6,0
Q9Y6R1,4
Q13207,3
Q96P20,0
O00743,0
P02549,2
Q8NEC5,4
P62068,0
P0C628,1
P47211,1
Q9NVE5,0
Q13219,0
Q9GZV3,4
O60783,2
Q06124,0
Q8TDX9,4
Q969M2,4
Q86YA3,0
Q15928,3
P61619,4
Q6IEU7,1
Q53S99,4
Q58FF7,0
Q9NZP2,1
Q9BW92,0
Q9ULS6,4
Q9BUQ8,0
O14523,4
Q14593,3
P20929,2
P17027,3
O14495,0
P30518,1
Q6XR72,4
O14798,1
P48201,4
Q8N8Q3,0
Q8NGT9,1
P55317,3
O43143,0
P12109,2
Q08334,1
Q8NFK1,4
Q96A05,4
Q99743,3
Q16670,3
Q6UWU2,0
P43489,1
Q9P0L1,3
Q8NGC5,1
Q6P4A7,4
Q9H2X3,1
Q9BX51,0
Q9BWW7,3
Q6ZSS3,3
Q9GZQ6,1
Q9NSD7,1
Q8NEP9,3
P61970,2
Q8TC21,3
O95221,1
P47871,1
P13995,0
Q15645,0
Q99708,0
A0A1W2PPF3,3
Q07343,0
O60315,3
Q8NH92,1
P57773,4
P05997,2
P51788,4
P79483,1
Q9NYW4,1
P07900,0
P83111,0
P59551,1
Q13398,3
Q9UQ90,0
Q99952,0
Q0P6H9,0
Q0D2K0,4
Q99442,1
Q7RTZ2,0
P07306,1
Q9BQT8,4
Q15198,1
Q9Y2W3,4
Q9H6B9,0
Q96EE3,2
Q63HN8,0
Q96S55,0
Q69384,2
P31274,3
P55735,2
O14924,0
Q13797,1
Q7Z3T1,1
Q8TAX9,4
Q9HBG4,4
P62684,2
Q9BYT1,4
P34931,0
Q9Y5K5,0
Q13241,1
O15198,3
Q8NGV6,1
A8MT65,3
O60841,0
Q14500,4
Q9H1R2,0
Q9Y2P5,4
Q9UL51,4
Q7RTX7,4
Q7Z2W7,4
O43772,4
P29320,1
Q86UW8,2
P11234,0
Q86UW2,4
Q5JTY5,0
Q9BUJ0,0
Q8IU80,0
A3KMH1,0
Q9BRQ5,4
Q8WTP8,0
O95471,2
P22914,2
Q969H6,0
Q8WUY3,0
P54762,1
O14863,4
O94993,3
P38646,0
O60313,0
Q9HBW9,1
Q15102,0
Q03014,3
P02775,4
P53794,4
Q92988,3
P58304,3
Q9H171,0
A0A1B0GVH4,0
Q07444,1
Q16877,0
Q13303,4
P25090,1
O94844,0
Q14643,4
A6NCV1,1
Q6IWH7,4
Q6AI14,4
Q6DN03,2
Q96L21,2
P63122,0
Q9H4A4,0
P35613,1
O00321,3
Q9NQH7,0
Q96AK3,0
Q9HB14,4
Q3MJ62,3
Q16775,0
Q9UK08,0
O75964,4
P0C7H9,0
P20674,4
O43240,0
Q9UBD6,4
P49411,0
P51688,0
O00421,1
P35236,0
A6NMS3,1
O43167,3
Q33E94,3
P01303,1
Q9Y651,3
P50151,0
Q15858,4
Q6KB66,2
Q3KNW1,3
O75333,3
Q96SL1,4
Q400G9,0
P14854,4
Q9NP94,4
P19532,3
Q9Y458,3
O95084,0
P08246,0
Q9BSK1,3
O95497,0
Q9UBX1,0
P15328,1
P59540,1
O43680,3
Q9H9Y4,0
Q9BPV8,1
Q5FYB1,0
Q9BZG2,0
Q6P988,0
Q969F8,1
Q5EBL2,3
Q8NGE0,1
P49711,3
P26038,2
P35638,3
Q8IYB9,3
Q96BY7,4
Q8NH37,1
Q9NYW0,1
Q3C1V8,3
P0CG39,2
Q8NAP8,3
Q9Y2U2,4
P59901,1
Q9NSB2,2
P55017,4
Q9NZP6,2
Q2M1P5,0
P50052,1
Q9UKP5,0
P10176,4
Q6ZMD2,4
O95479,0
Q8NGY2,1
Q5FYB0,0
Q8NH93,1
O95371,1
O00341,4
Q9H2C1,3
P07949,1
P56747,2
P47887,1
Q7Z2D5,0
P49450,2
P21462,1
P61421,4
Q04864,3
Q12889,0
Q15620,1
P53675,2
P68431,2
P46821,2
Q9BV94,0
Q96SK3,3
P41146,1
Q969S0,4
P03956,0
Q6VB84,3
Q9NX52,0
Q7RTU7,3
Q9HB58,3
Q9Y3Z3,0
Q9P1P5,1
Q13813,2
Q8NGN8,1
Q7RTZ1,0
D6RBQ6,0
P0DKX0,3
Q9Y5K8,4
Q6UVK1,1
P12318,1
Q96S79,0
P14543,2
Q76LX8,0
O75976,0
P29973,4
Q07617,0
O43812,3
Q9Y5N1,1
Q8NEL9,0
Q9P2F5,3
Q96RW7,2
Q6TGC4,2
O43186,3
Q9UK11,3
P41143,1
Q9H903,0
Q9NRY4,0
Q8IXT2,3
Q6PIW4,0
Q92536,4
Q8IXW5,0
Q03060,3
Q96Q89,0
Q96IY4,0
Q9NQ40,4
P62829,2
Q6NVV3,4
Q9UDY8,0
Q9NRX2,2
Q12800,3
Q14774,3
Q8TDG4,0
Q8NHL6,1
Q5TZ20,1
O43920,4
P56159,1
Q6P1J6,0
A8MXV4,0
P09958,0
O14529,3
Q9UHW9,4
Q6ZQN5,3
Q86WP2,3
Q86TJ5,3
Q8TDI7,4
O75346,3
Q96P56,4
Q14592,3
Q15031,0
Q96IZ2,0
P03952,0
Q9HCG1,3
Q9NP77,0
P29074,0
Q9NXZ2,0
O96006,3
Q9NZI7,3
O75015,1
Q7Z353,3
P35573,0
O43889,3
P31273,3
Q96PE1,1
Q9NQ33,3
Q9NZV1,1
P49736,0
Q8WW27,0
O60304,3
P13497,0
P67775,0
P09017,3
Q9H8N7,3
Q9P2U8,4
Q9Y5B8,0
P43686,0
P17014,3
O75820,3
Q15723,3
Q9C075,2
Q9C0D7,0
Q9NPI6,0
P09630,3
Q86UE6,1
P02686,2
Q03468,0
Q9NPC8,3
Q9NZM6,4
Q99878,2
Q9UMX9,4
P62745,0
P61586,0
B4DU55,3
Q8NB14,0
P20337,0
P58182,1
P62807,2
Q86SQ3,1
Q13459,0
Q8NGL2,1
P62070,0
Q8WU17,1
P56178,3
Q9NUJ7,0
Q13607,1
Q2T9K0,4
Q9UQE7,0
Q9Y5L3,0
Q9UGQ3,4
Q9UKJ8,0
Q96CW5,2
P0C6S8,1
Q9NTQ9,4
Q9Y678,2
P00746,0
O75030,3
P82930,2
P48549,4
Q8NG75,1
Q6FI13,2
P42892,0
P31249,3
P04070,0
Q92611,0
Q8NAG6,0
A0A286YEU6,1
P25105,1
P36383,4
Q9H2S1,4
Q9UKK9,0
Q8WZA6,1
P14651,3
P30968,1
P35658,2
Q86TP1,0
Q9GZR1,0
Q9H4L5,4
Q9HCE1,0
Q8NBI5,4
O15235,2
Q6ZMS7,3
Q96EL2,2
Q2M1K9,3
P09564,1
Q86WJ1,0
Q2M385,4
O15195,2
Q13387,2
P35498,4
Q70CQ2,0
Q8TDU5,1
O15496,0
Q8NHW5,2
O95168,4
P21506,3
Q969J2,3
Q96HA1,2
P41586,1
Q9H9S3,4
Q9H342,1
P22033,0
Q01650,4
A2A288,0
Q96MU8,1
P06733,3
P20333,1
Q9HBX8,1
P54315,0
Q6PG37,3
Q2M218,3
Q68J44,0
Q92499,0
Q9P0X4,4
Q70EL4,0
A8MWA4,3
Q8NBV4,0
Q9Y2Y8,2
Q13491,2
O14813,3
P33032,1
Q15849,4
Q9Y261,3
Q7RTS1,3
O95631,3
O00562,4
P10153,0
O60603,1
O95222,1
O75541,3
Q14416,1
Q9NQB0,3
Q9NZN1,0
O95935,3
Q99679,1
Q8N1Q8,0
A6NDG6,0
Q01892,3
Q5FYA8,0
Q8NBH2,0
Q8IYA7,3
Q8NH18,1
P98160,2
Q01167,3
Q8IZF2,1
Q969J5,1
Q99941,3
P21452,1
Q8IYD8,0
Q9H0R4,0
P78348,4
P20930,2
Q9UBD0,3
O15156,3
Q13351,3
P78413,3
Q8NDV2,1
P10914,3
Q14246,1
Q9UKR0,0
Q8TD94,3
P82663,2
O95785,3
Q8IU60,0
P26718,1
P40692,0
Q6B8I1,0
Q9UP95,4
O43506,0
Q8NGE1,1
Q9BVJ7,0
Q9H6F2,4
Q6QN14,0
Q5TAH2,4
Q92484,0
P57071,3
P05556,1
Q8WWI5,4
Q7Z3B4,2
Q9H4G0,2
P31930,4
Q8WWV6,1
O43677,4
Q9H3K2,4
Q9Y5X9,0
P0C7N8,1
Q96AP4,0
Q9H777,0
Q66K89,3
P51805,1
Q9UM01,4
Q02127,0
P07307,1
Q05D32,0
Q99788,1
P48741,0
Q92874,0
P16066,1
Q9UIF7,0
Q9UGF6,1
Q9NRW1,0
Q13637,0
O15554,4
Q9Y5Y7,1
Q9BRC7,0
P18627,1
Q9H0U3,4
O43296,3
A5LHX3,0
Q14114,1
Q8NH05,1
P54750,0
Q9HBU1,3
Q96T83,4
Q9NP99,1
P10114,0
Q562R1,2
Q8WU67,0
Q8NGS6,1
Q9P2J8,3
P0C5Z0,2
P60201,2
P04626,1
A6NM10,4
Q9BZF1,4
P0DTU4,1
P28907,0
P59534,1
P31645,4
P61019,0
Q15797,3
Q9HAP2,3
Q92626,2
Q8TDQ7,0
A0A1W2PR75,0
Q9GZX7,0
Q15124,2
Q969Q4,0
Q8NGY0,1
Q7Z443,4
Q9UBR2,0
Q8WWQ2,0
Q7Z404,4
Q9NU63,3
P11586,0
P82933,2
Q13507,4
P21860,1
P55771,3
Q7Z402,4
Q6IFH4,1
Q86V15,3
Q9Y286,1
Q6ZT21,0
Q58FF8,0
Q9Y4I1,0
P55072,0
Q8WVF1,4
Q8NGP0,1
Q96R47,1
Q5D1E8,0
P16150,1
Q99578,0
O14503,3
P19484,3
Q9NQR9,0
Q14191,0
O00398,1
P17481,3
Q86WA8,0
P48643,0
P24394,1
P09093,0
Q9NS28,0
O75367,2
Q9UHI5,4
Q7RTY8,0
Q14587,3
O15342,4
P35250,0
Q13683,1
O14548,4
Q96N22,3
P30050,2
Q8IZF7,1
Q9NTJ3,0
P32321,0
Q6ZSI9,0
O60404,1
A6NMB9,0
P50148,0
Q99715,2
P10074,3
P04198,3
Q9BZJ4,4
A6NFD8,3
Q92995,0
O43678,4
Q8TDW0,4
Q96FT7,4
Q9Y676,2
P40937,0
Q6ZQN7,4
Q12952,3
Q3I5F7,0
Q99490,0
A0A1B0GWH4,3
Q6DD87,3
Q9ULA0,0
Q8N8Y2,4
Q5XKE5,2
Q9HC16,0
Q5SGD2,0
P05981,0
P16104,2
Q8NH70,1
O94956,4
Q7Z2H8,4
Q8WZ94,1
Q8WYL5,0
P51159,0
Q8TE12,3
A6NL26,1
P22001,4
Q9UBS5,1
Q9H5H4,3
Q9NX57,0
P61916,4
Q6PJF5,4
Q03405,1
Q8NFV4,0
Q8NHW3,3
P54845,3
Q96E93,1
P12724,0
P50391,1
P33778,2
Q7Z410,0
Q5SVQ8,3
P23771,3
P61254,2
P0DPQ6,3
P50461,2
Q16825,0
Q8NG80,1
P84022,3
P49821,4
Q96DC9,0
P32969,2
Q9BV47,0
O95863,3
Q7Z418,4
Q03001,2
P43626,1
Q9P2U7,4
Q9BRR0,3
P50895,1
Q92817,2
Q14953,1
O43813,1
O15020,2
Q6UXL0,1
P19012,2
P17024,3
Q8NFI3,0
Q86V24,1
P46777,2
Q01664,3
Q86UD4,3
Q8IZD6,4
O94782,0
Q13868,0
O43908,1
Q14980,2
Q14032,0
Q9NXJ5,0
Q9BU20,0
P20338,0
Q8NGC0,1
P46778,2
Q96PD2,1
Q9UNI1,0
P16452,2
P42285,0
Q8NEJ0,0
Q01546,2
Q16281,4
Q8WXF7,0
P0DPD8,0
P28358,3
P05106,1
Q9UHP3,0
Q8TE56,0
Q9NZT2,1
A6NIR3,0
Q5VZB9,3
Q5HYM0,0
O95803,0
Q16538,1
Q9NQR4,0
Q86XX4,2
Q8IVL0,0
Q9BSW2,0
P26992,1
Q9HB89,1
Q9BZM2,0
Q8TCD5,0
Q9H7R0,3
P20142,0
Q9UKR3,0
P34972,1
P43657,1
Q9NZI5,3
Q96N58,3
Q2VYF4,4
Q14683,0
P78383,4
P55268,2
P47985,4
O00206,1
Q5K4E3,0
Q2I0M4,4
Q6ZN32,3
O14841,0
Q9UEF7,0
Q14588,3
Q9HCB6,2
Q5UAW9,1
Q14392,1
Q8NGY9,1
Q8NGQ6,1
Q5VUY2,0
Q08AM6,1
Q8NH09,1
A6NND4,1
Q8WZ84,1
Q8TCB6,1
P06899,2
P42658,0
Q8TDV5,1
P82914,2
Q9H0U4,0
Q9NVE7,0
P14859,3
P82251,4
Q8NGX5,1
Q9UHN6,0
Q8TD23,3
P48739,4
Q9BRH9,3
P02452,2
Q9UGC6,0
Q8WZ92,1
Q96G91,1
Q96LW9,3
P50539,3
Q96IT1,3
Q8NGU2,1
P48147,0
P36888,1
P29274,1
Q96T92,3
Q8NEM1,3
P25311,4
P43628,1
Q0VDG4,0
Q9H6P5,0
Q14832,1
Q9BXR5,1
Q6IFN5,1
P61106,0
Q7Z3Y8,2
P78386,2
P57073,3
Q6X4U4,1
O95259,4
A0A2R8YED5,1
P07339,0
Q96SE7,3
Q9HB75,0
Q9HCE9,4
P18846,3
Q9NY59,0
Q8NHY6,3
Q9HCK8,0
P49593,0
P09237,0
Q8WTU0,0
A6NGD5,3
Q8IY18,0
Q8N187,3
Q6NT32,0
Q8NHP8,0
P62857,2
P33681,1
Q01851,3
A6NF89,1
P30872,1
Q9Y2P0,3
Q9Y698,4
P67936,2
Q8NEY4,4
P60866,2
P0DMU2,1
Q9ULF5,4
P31994,1
Q9NXL9,0
O15529,1
Q9Y623,0
P18031,0
Q13572,0
P28340,0
P11150,0
O75792,0
P41212,3
Q96RP8,4
Q9UKF6,0
Q9BQ52,0
Q9NZC4,3
P04259,2
P55212,0
Q6AZW8,3
P34913,0
Q8WVP7,1
Q9UIE0,3
Q9NQ84,1
P37173,1
Q8NGT5,1
O15062,3
O60384,3
P02489,2
Q8N8R3,4
Q8NGJ6,1
Q9NT22,2
P07359,1
O60241,1
Q96RK0,3
Q6NTF9,0
P16415,3
Q71RS6,4
Q9H2C5,1
Q92824,0
Q8NGR3,1
P62195,0
Q3KP31,3
P43004,4
Q86SQ6,1
Q9Y5W3,3
Q8NAM6,3
Q9UHF7,3
Q9Y615,2
O60906,0
P09601,2
Q6PRD1,1
Q9BZJ3,0
Q9H089,0
Q01780,0
Q9UI42,0
Q9Y6C2,2
P17081,0
Q9H0N0,0
P48048,4
Q9H3Z7,0
Q9NTN3,4
Q9H4W6,3
P05386,2
P04908,2
Q9NVV9,3
P23946,0
Q2TV78,0
Q7L014,0
Q8TAF7,3
P08670,2
P12035,2
Q13183,4
Q14119,3
Q9HAK2,3
P18206,2
Q96RE7,3
Q9H2B4,4
P43268,3
O75443,2
Q92643,0
P00813,0
O75061,0
P62945,2
P59533,1
P08865,2
P13010,0
P10073,3
Q5T601,1
Q9Y2E5,0
P13501,0
O75899,1
Q14584,3
P10606,4
Q16690,0
Q04941,4
Q9UJ14,0
Q8NGJ4,1
Q3KR37,4
Q13823,0
Q96NG5,3
Q15149,2
Q6IF63,1
P23769,3
Q15493,0
Q9UHI6,0
Q9UHD4,4
P15374,0
Q8NGS3,1
P14868,0
Q12946,3
P32302,1
O15374,4
Q13796,4
Q99436,0
Q9Y3R4,0
P59543,1
Q86W33,1
Q15399,1
Q9C0K0,3
P51679,1
Q9UBC9,2
Q8TBZ8,3
P34925,1
Q6ZN92,0
Q9H3M9,0
Q8ND71,0
Q9NRA2,4
Q9UQD0,4
Q6IF36,1
Q9HAZ2,3
P27658,2
O95231,3
Q8N434,4
Q8TF66,1
Q8NGS9,1
Q5TDH0,0
Q96P47,0
Q4G0W2,0
Q9NXU5,0
Q9UHI7,4
A6NMT0,3
Q8IY17,0
Q8NH43,1
O75096,1
Q96C86,0
Q8NGX2,1
Q6BEB4,3
Q9H7R5,3
P33993,0
P09471,0
Q9HBR0,4
Q9BRF8,0
P29218,0
Q9UKV0,0
Q9UK10,3
Q6UXT9,0
Q8WYK0,0
P12036,2
Q96ND8,3
Q96JA1,1
Q15669,0
Q6P1N9,0
Q8IWU5,0
Q8N3C0,0
Q8N628,1
Q9NRM0,4
P0C645,1
Q4KMQ2,4
Q08211,0
O76031,0
Q7Z5D8,3
Q96J94,0
Q8NFT8,1
Q16587,3
P51522,3
H3BV60,1
Q8TF45,3
P08581,1
P13942,2
Q8NGJ7,1
P0DJD8,0
P43003,4
Q9UKI9,3
O00754,0
Q6P9H5,0
P68032,0
Q8NFH5,2
Q9Y653,1
Q9UK59,0
Q9H4L7,0
P46063,0
Q5JNZ3,3
Q8NGI7,1
Q6PEZ8,2
Q9P0S9,4
Q7RTM1,4
Q9BYK8,0
P36578,2
Q7L2R6,3
P22888,1
O00299,4
P17813,1
Q5VW22,0
P12955,0
Q969G2,3
Q7Z3Q1,4
O00602,1
Q9P2E9,1
Q99965,0
Q8NBF1,3
Q9NSA0,4
P63252,4
Q9BZM1,0
Q9Y230,0
P51511,0
Q9Y5A6,3
Q86UW1,4
Q8N148,1
P78536,0
P41231,1
P36894,1
Q8TF32,3
P49715,3
O75173,0
Q92610,3
Q06416,3
O60264,0
Q9BSD7,0
Q9UID6,3
Q99717,3
P28838,0
Q96CS4,3
P07320,2
Q9Y4D7,1
Q96DT7,3
Q14814,3
P56915,3
Q9UHF4,1
O75037,0
P27635,2
P08887,1
Q9H0D6,0
P17017,3
Q8NGE7,1
Q9NP91,4
Q6ZP29,4
P78504,2
A6NHC0,0
P16233,0
O60494,1
P21580,0
Q8N988,3
Q02556,3
Q8NH03,1
Q9Y496,0
Q63HK5,3
P06858,0
Q6W4X9,2
Q92878,0
Q50KZ9,1
P36021,4
P0C646,1
O00468,2
Q6EIG7,1
Q5HYK9,3
Q9H5J0,3
Q9H790,0
Q9Y6E7,0
Q7RTR8,1
Q5R3K3,4
Q9BSK2,4
P35408,1
P23760,3
Q9NZQ8,4
Q8NG84,1
Q12951,3
Q6AW86,3
A4D2B0,0
Q13291,1
Q15413,4
P43116,1
O95947,3
Q8IWA4,0
Q96A58,0
P16118,0
P41162,3
P05186,0
O94910,1
Q96K76,0
Q96L91,0
P17181,1
P52888,0
P16284,1
Q14390,0
O15370,3
P62241,2
Q9H114,0
P62826,0
O75084,1
Q2TAZ0,4
P52849,0
Q09470,4
Q9NV35,0
Q96JB3,3
Q01064,0
O75951,0
P31276,3
Q96A08,2
Q96EG3,3
P08048,3
Q7L523,0
P55344,2
Q8NH08,1
Q96SF2,4
P49286,1
P60900,0
Q9UH73,3
O95625,3
O15143,2
O14975,4
Q04206,3
Q9HCC6,3
P62140,0
Q9Y2P7,3
O00148,0
Q9UBX2,3
P08195,4
O00634,3
P11215,1
Q9UNX3,2
Q9P2S2,1
Q96NJ3,3
Q9H0F7,0
P35414,1
Q96GC6,3
Q8NE71,0
Q8NFJ6,1
Q9UKQ9,0
P11137,2
Q5JW98,4
O15090,3
Q6GQQ9,0
P31314,3
P10075,3
P51153,0
Q8IVW1,0
Q99665,1
Q6NVV1,2
Q86WS5,0
O60284,3
Q3LHN0,2
Q8NH19,1
Q9BYT9,4
Q9UJ42,1
Q13361,2
P46094,1
P23141,0
P16473,1
P12004,0
A1KZ92,0
P53816,0
Q9NYW2,1
Q8NGZ5,1
Q02386,3
Q8NGW1,1
Q8NEW0,4
Q15546,1
P55210,0
P41219,2
Q96ME7,3
Q9ULW2,1
Q96N87,4
Q15776,3
Q9BZR6,1
Q96K62,3
Q9H4S2,3
P52797,1
P50570,0
Q5VV16,3
Q92665,2
Q8N9Z0,3
Q6PEY0,4
P47712,0
Q9NSD4,3
P11233,0
Q5GJ75,4
P17676,3
Q9H343,1
Q96KN2,0
Q9Y6H8,4
Q9GZU1,4
Q6ICL7,4
O14763,1
O14782,0
Q75T13,0
Q9NWW9,0
Q9BX74,1
Q9UQ05,4
A6NK97,4
A6NGQ2,2
Q14585,3
Q8WZ75,1
Q6UY18,1
P63211,0
Q96RA2,1
P36543,4
P63092,0
Q9UKF5,0
Q6ZV50,3
Q9H313,4
O95139,4
Q9HBE5,1
Q96NU1,3
Q9P0U3,0
Q5VU57,0
Q13501,1
P30679,0
Q9BXP2,4
P30559,1
Q9UPU3,1
Q8NDV3,0
P49862,0
O14931,1
Q12797,2
Q6NT16,4
Q8NGK9,1
Q99829,0
Q12884,0
Q96EK4,3
Q86XF7,3
O60729,0
P67812,0
O75604,0
Q06330,3
Q13615,0
Q9UL03,1
Q9H993,0
Q92956,1
Q8NGJ0,1
Q15019,0
Q9H5V7,3
Q8TAX0,3
Q92482,4
Q9NUQ7,0
O00180,4
Q8NHV9,3
P12956,0
P31431,1
Q08188,2
Q15750,0
Q86WA6,0
Q9UPM6,3
A0A1W2PQ27,0
Q9H1K4,4
Q32M88,0
Q9NX62,0
Q8TBJ4,0
Q13606,1
Q14152,2
P14921,3
Q6HA08,0
P03886,4
Q5T9A4,0
Q9BZE1,2
Q8NGY1,1
P46093,1
Q9Y6X9,0
O00716,3
Q6QNK2,1
P50583,0
P0CK96,4
Q7LDI9,2
Q8IZF4,1
Q8NGE3,1
P0C024,0
Q9H9S0,3
Q8TA94,3
P17023,3
P37088,4
Q9Y2G7,3
P12110,2
Q9NTJ4,0
Q96LB2,1
P55318,3
P33908,0
P04275,2
Q9NVI7,0
Q8N883,3
P29376,1
O76099,1
Q9BQF6,0
Q5VST6,0
O95500,2
P41594,1
Q8IUG1,2
Q8NH50,1
P30989,1
O15014,3
Q5T1C6,0
P0DTE0,1
P27930,1
P57729,0
P58743,4
P14784,1
Q01196,3
Q8TF42,0
Q6UVM3,4
P02511,2
A6ND48,1
O15525,3
P04000,1
Q9H254,2
O00231,2
P05413,4
Q8NH59,1
P20594,1
Q9NYW1,1
Q9GZR2,0
P07196,2
Q5T2D2,1
Q6UB28,0
Q5VZM2,0
Q9NRW3,0
O95936,3
P78411,3
O15204,0
P18847,3
Q8TD47,2
P13797,2
Q12778,3
O75444,3
Q96SN7,4
P12814,2
Q14916,4
P49795,0
P17021,3
Q8NE79,2
Q9Y487,4
Q969I6,4
Q9UKH3,2
Q8NGF8,1
Q9UN76,4
Q9BW27,2
P80108,0
P13612,1
Q9Y467,3
P21731,1
Q68CJ9,3
Q8NGR2,1
Q5T2D3,0
Q96R54,1
Q8N9L1,3
P78563,0
Q8IY21,0
P07766,1
O00483,4
P30825,4
P51164,4
P32745,1
Q8NGX8,1
P34059,0
P15976,3
Q96RN1,4
Q9H310,4
Q8NE01,4
Q8NHV1,0
Q16082,2
Q8N4Z0,0
P31629,3
A0A2R8Y619,2
Q8N587,3
Q9H6V9,0
Q8NGG5,1
P51798,4
P02790,4
P41597,1
P51151,0
O15522,3
Q9BQ83,0
Q9UC07,3
Q7RTS7,2
Q15125,0
P15622,3
Q8NHE4,4
Q8WVJ9,3
O15535,3
P37023,1
Q00872,2
Q9Y490,2
P63121,0
Q6GMR7,0
O75113,0
P52566,0
P28356,3
Q99456,2
Q9P255,3
A6NGY5,1
P07384,0
P28221,1
Q9BVC6,4
Q6UX52,1
A3KFT3,1
Q674R7,4
Q9Y239,1
Q9Y6R7,2
Q9GZN0,1
Q8NFZ6,1
A6NEC2,0
O15066,0
O95644,3
P27816,2
P02533,2
Q9H1V8,4
Q15842,4
Q7RTU5,3
Q9BYX7,2
Q9UBX3,4
Q8NGG1,1
P0CG31,3
Q8TCC7,4
P51686,1
Q96DW6,4
P0C6A0,3
P60660,2
Q9HBT7,3
P52952,3
Q9BQ65,0
Q6UX06,2
Q9NP08,3
O76081,0
P45880,4
Q08AN1,3
Q96R69,1
Q6W5P4,1
A6NCW0,0
Q9UBH6,4
Q8NH42,1
Q8NG04,4
Q9UM00,4
Q8NGS7,1
Q8NGV5,1
Q08289,4
Q16204,2
O95096,3
P35555,2
P0C0S5,2
P48544,4
Q7L266,0
Q2M3X9,3
Q9H4I8,0
Q9ULG1,0
Q8NDA2,1
Q8WTR4,0
P16444,0
Q96NB2,4
Q9BSE5,0
P82921,2
P63131,0
P24855,0
Q9Y3E5,0
P17098,3
Q01469,4
Q86VK4,3
Q3KQV3,3
Q6UWV6,0
Q96PQ6,3
Q6PIL6,4
Q8N9F8,3
Q9Y5Y6,0
P00797,0
Q8TDN7,0
P19438,1
Q07954,1
Q96BR6,3
Q15915,3
Q96JA3,4
Q8NGQ1,1
P15169,0
P15918,0
O15266,3
P02671,2
Q8NG78,1
Q8NFA0,0
Q02388,2
Q9NXH8,0
P24928,0
P0C7X2,3
Q9UJV8,3
Q00613,3
Q92599,0
Q15477,0
Q8NFM7,1
O75628,0
Q8NGJ3,1
Q8IZA3,2
O60939,4
Q99958,3
Q8NGH9,1
O43448,4
P50406,1
Q969S9,0
P40617,0
Q9BXP8,0
O14718,1
Q495T6,0
Q9NR97,1
Q902F8,2
P21810,2
O14804,1
Q9HDC5,2
Q96A35,2
P0DMS9,1
O95450,0
Q9NZQ0,0
O14925,4
P43007,4
Q96KP4,0
Q8NH06,1
O76075,0
Q99653,4
P13639,0
Q8TAQ5,3
P25774,0
Q96T55,4
Q9GIP4,4
P42081,1
Q92508,4
Q86W26,0
P27449,4
Q14117,0
Q8NG98,1
Q13433,4
Q9H175,3
Q6ZN11,3
Q86W34,0
P56181,4
Q9NY91,4
Q7Z3I7,3
P07288,0
Q13873,1
P31639,4
Q6ZMS4,3
O43309,3
P53618,2
Q96BI1,4
Q13956,0
Q9UPU5,0
Q9Y342,2
Q08708,1
Q6ZN79,3
Q9UPR5,4
Q14831,1
Q9HCZ1,3
Q96RD9,1
Q9Y696,4
Q9H0X9,4
Q96MC6,4
P21754,2
E7ETH6,3
Q9H227,0
Q96A29,4
Q9GZK4,1
Q8IYK8,0
Q9BX95,0
Q5H9E4,4
Q8WVB6,0
O60930,0
O00409,3
P51787,4
Q96DA2,0
P11844,2
P17066,0
P08238,0
Q6NSZ9,3
Q99459,3
Q9BRY0,4
Q9UL19,0
P34096,0
Q9BWQ8,4
P46781,2
O15552,1
Q8TDQ1,1
P0DSN6,1
Q7Z794,2
O00590,1
Q96BA8,3
Q9UJV9,0
Q9H582,3
P33176,0
Q9BR39,3
P09923,0
Q04446,0
O95248,0
P46736,0
P51793,4
P42224,3
P32243,3
Q6NX45,3
Q7Z2G1,2
O15527,0
Q14847,4
P14672,4
Q495A1,1
Q9BU02,0
Q9HD23,4
Q9UMQ3,3
Q6GMV3,0
P51826,3
P05387,2
Q02978,4
Q9BRJ2,2
P06734,1
P01116,0
O14830,0
Q9BXC1,1
P35080,0
Q2NKX8,0
P41145,1
O15539,0
P33316,0
Q63ZE4,4
Q15907,0
Q7Z7F7,2
Q5TAT6,2
Q6ISB3,3
Q8NGK0,1
P19440,0
Q8N693,3
P55265,0
Q9H165,3
Q7RTP0,4
Q9NSC2,3
Q8IWX5,0
O14647,0
O95837,0
Q9UPW5,0
Q9H2W2,3
Q8NGT1,1
Q06418,1
P29120,0
Q6N043,3
Q6DN72,1
P38571,0
P48051,4
P17301,1
A8MUZ8,3
Q14697,0
Q5JRS4,1
P11166,4
Q8TEL6,4
Q9UGM3,1
P03905,4
P32004,1
P48145,1
O76082,4
Q14532,2
P47890,1
Q8IY26,0
O75575,1
Q96F15,0
Q5T6X5,1
Q7RTY1,4
Q8N5P1,3
Q8NHA8,1
Q9NTK5,0
Q8IUC1,2
P18887,0
Q8NGE5,1
P15260,1
O95436,4
P40227,0
P10323,0
O95336,0
Q9NRX4,0
P17022,3
Q8NCE2,0
P48052,0
Q8NHH9,0
Q9NSE4,0
Q96N95,3
P54652,0
P06576,4
Q9UBR1,0
Q6ZT89,4
Q53HV7,0
Q07075,0
O43451,0
Q8NH80,1
H7C241,2
P52741,3
Q9Y271,1
Q9Y337,0
Q9Y2T5,1
Q9UHC1,0
Q92890,0
Q68D91,0
P26640,0
Q8N6G6,0
Q96ER9,4
A6NJT0,3
Q8NI17,1
P00395,4
Q9UPW6,3
P48764,4
Q8NDX2,4
P30305,0
P40616,0
Q8NGL9,1
Q8N823,3
Q92560,0
Q9BX68,0
P46089,1
Q9UDW1,4
P0C7P3,0
Q6KCM7,4
P56696,4
P04180,0
Q5JZY3,1
Q6P093,0
O43896,0
Q5T5D7,3
Q86YE8,3
Q9NZW4,2
Q13950,3
P47898,1
Q8MH63,4
O95551,0
Q9UBX0,3
P56202,0
Q5VTD9,3
Q99732,3
Q5SR56,4
Q9NVS2,2
Q5VXU9,0
Q9H2J7,4
P51512,0
P36222,2
Q8TD22,4
Q6QHK4,3
P56730,0
Q8NGF1,1
O14610,0
O95006,1
P20231,0
Q99661,0
Q8N2M4,0
Q5VU97,4
Q96LI5,0
Q8N1G1,0
Q13761,3
P45974,0
Q8N196,3
Q8NGX1,1
P78346,0
P28069,3
Q9Y5J7,4
P20592,0
B9EJG8,4
O95076,3
P17036,3
O60403,1
Q5XLA6,0
Q8N4T0,0
P61160,2
Q16572,4
P18850,3
Q96RD1,1
Q9UHX3,1
A6NDL8,1
Q86UN3,1
Q96DG6,0
P08100,1
Q6ZVN8,1
P04899,0
Q9C0A1,3
P47883,1
Q14344,0
P26367,3
Q86TS9,2
A6NFC9,1
P41225,3
Q9GZX5,3
Q96K78,1
P63132,0
O00462,0
Q6UXS9,0
Q9H930,3
P68402,0
O75365,0
Q8IYM1,0
Q5HY92,0
Q7LC44,2
Q6ZVD8,0
Q9P296,1
P12111,2
O15259,2
Q8N423,1
Q8NGI1,1
Q9NRY6,4
Q9GZZ7,1
Q02539,2
Q05066,3
P07942,2
A0A0U1RQI7,3
Q5H913,0
Q9BU19,3
P47893,1
Q8TE99,0
O95125,3
P0C7T2,1
Q5H9U9,0
Q8NEM8,0
Q6ZUV0,0
P03950,0
P0DPD6,0
Q8N370,4
P17568,4
Q6ZR52,3
P46663,1
O95980,1
Q3KNS6,3
Q6T423,4
O60779,4
O43868,4
Q96SF7,3
Q68CZ2,0
O75388,1
O76000,1
Q99497,0
Q8NGI8,1
P17010,3
Q8N5J4,3
Q96RY5,3
Q9ULM2,3
P51148,0
Q70CQ4,0
O94810,0
Q9H1P3,4
Q15761,1
Q9H082,0
Q9ULV1,1
O00400,4
P15309,0
P04632,0
Q9Y4D2,0
P48551,1
Q96RD0,1
Q5SRI9,0
P10696,0
Q13698,4
P59535,1
P63173,2
Q14623,0
Q9Y303,0
Q9HC84,2
P22413,0
Q15040,0
P14652,3
P19404,4
Q9Y295,0
Q02846,1
Q9H808,2
Q99594,3
Q86Y25,3
Q495M3,4
Q6ZNG2,3
O75783,0
Q8NGX0,1
Q14533,2
Q8N2Q7,1
Q8N4V2,4
Q96AV8,3
P63127,0
P20023,1
Q9P0G3,0
A0A0X1KG70,1
P62249,2
Q8WUD1,0
Q8WV37,3
Q8IYT4,0
Q70Z53,0
P48165,4
Q9UIV1,0
P11171,2
P06729,1
Q9UMW8,0
O95678,2
Q9UGI0,0
Q8NBP5,4
A6NJW9,1
Q8NGM9,1
Q02161,4
Q14194,0
P10244,3
P63119,0
Q9NVP1,0
Q9NR71,0
Q5T653,2
A0A2Z4LIS9,3
Q8TDX5,0
Q14993,2
Q8N6M3,0
Q6IEY1,1
Q9NYZ2,4
A6NNY8,0
Q92670,3
P09016,3
P43115,1
P16070,1
P35499,4
Q86SM8,1
Q8N474,0
Q86UZ6,3
O00110,3
Q8WWG9,4
O15056,0
Q86UG4,4
Q92496,4
Q96HU8,0
O95977,1
Q6ZNG0,3
P83881,2
P34998,1
P22090,2
Q9BUM1,0
Q16828,0
Q8NCK3,3
Q9HCG7,0
P52742,3
Q86TM3,0
Q9Y3Q4,4
O76015,2
P55851,4
Q96LA6,1
P35916,1
Q8N9L9,0
Q9BXT6,0
Q13952,3
Q9Y5T5,0
Q9UC06,3
Q5HYI8,0
P12524,3
Q9NZD1,1
Q3LIE5,0
Q8TD43,4
Q13563,4
P18146,3
O95397,4
P22392,3
Q8IY37,0
Q16254,3
Q8NGI6,1
Q9UHL4,0
P40939,0
Q53GD3,4
P13646,2
Q8NG99,1
Q8TDT2,1
P43220,1
O14581,1
P62910,2
O00115,0
Q8TAC2,0
Q99467,1
Q5R3F8,1
Q9NPG1,1
Q6DHV7,0
Q9NRW4,0
Q9NQ03,3
Q14766,1
Q96KN8,0
Q6ZNH5,3
Q76EJ3,4
P16260,4
Q8N7M2,3
P40426,3
Q01974,1
A1A5B4,4
Q96AM1,1
Q99607,3
Q8WV93,0
P20718,0
Q86YH2,3
P21802,1
Q7Z601,1
Q96MM3,3
Q8IUS5,0
Q6PF04,3
Q7Z478,0
P53672,2
P06280,0
Q12968,3
Q96RU2,0
O00189,4
Q5TZA2,2
Q16581,1
P31391,1
P20340,0
A0A3B3IU63,2
Q9NQ90,4
Q86W11,3
Q8NH56,1
P15173,3
Q12955,2
P12273,0
P07451,0
Q13258,1
Q96FV2,0
P10242,3
P09936,0
P78559,2
Q03113,0
O14948,3
P29317,1
Q16832,1
Q8IVL8,0
P52737,3
Q16795,4
P42702,1
Q6UWR7,0
P58872,0
Q15526,4
Q9NRA0,1
Q9BWM7,4
Q5TGU0,4
Q8NGS0,1
P03986,1
O14842,1
Q86VE9,4
Q9NR99,2
Q13496,0
P02461,2
Q8NGK4,1
Q9BUB4,0
P04062,0
P50990,0
Q9NX65,3
Q5VV52,3
O43869,1
A6NLW8,3
Q8NGC2,1
Q6P179,0
P08133,4
Q8NGJ5,1
Q96QS3,3
Q6VMQ6,0
Q9BQ50,0
Q9UK17,4
P43378,0
Q16559,3
Q8N6C8,1
Q9NRM6,1
Q14549,3
Q9NP71,3
Q8NDP4,3
Q9BRT8,0
P49238,1
Q9HAT2,0
Q8TB69,3
Q13614,0
Q8N349,1
Q8NG77,1
P28562,0
Q9Y6Q3,3
Q8N144,4
P24043,2
O43497,4
Q5EBM4,3
Q5T1S8,2
Q8IX15,3
P56177,3
Q9NPA2,0
F5H094,4
Q86YT5,4
Q7Z2W9,2
Q96FE5,1
A6NHG9,1
Q7Z6A9,1
P47872,1
Q5EB52,0
Q14324,2
P12314,1
Q06413,3
P14316,3
O14843,1
Q6P587,0
Q6T4P5,0
P61565,2
P14625,0
Q13562,3
P08134,0
Q7Z6M3,1
P41440,4
P54098,0
O60437,2
Q8N6T7,0
P42694,0
Q07092,2
P16871,1
O60825,0
Q86SG7,0
Q9NS37,3
Q9NXK6,1
Q8NDW4,3
Q8N162,1
Q16665,3
Q9UJ96,4
Q8NHB1,1
Q7L3S4,3
Q9NRY7,4
P63129,0
Q9Y694,4
Q9NZR4,3
P15407,3
Q96JT2,4
Q6PIV2,3
P61567,2
P39880,3
Q6ZMR5,0
Q9Y3B1,4
Q8N8Q1,4
Q9NQZ5,4
P52951,3
O71037,2
Q15181,0
O43280,0
P62244,2
Q92504,4
Q15475,3
Q92764,2
O15060,3
P23276,0
Q15109,1
Q9NZK5,0
Q16540,2
Q99504,0
O43364,3
Q9NYW6,1
Q9NQV6,3
P02545,2
Q9H2P0,3
P48304,1
Q6UW15,1
Q9Y267,4
Q96FE7,0
A4D2B8,0
Q8NGH5,1
Q8NGP8,1
P00709,0
Q99680,1
Q9UI32,0
A6NHT5,3
Q14524,4
Q8TE60,0
Q9HCN4,0
Q5VWZ2,0
Q99638,0
A0A1W2PRP0,3
Q8NFW5,3
O00358,3
P58401,1
P43629,1
P21145,2
P36382,4
Q03936,3
O75636,1
P31275,3
P00740,0
O95069,4
O95007,1
Q8NET8,4
Q8NGS4,1
Q5T442,4
Q9ULX3,0
Q8N7Q3,3
C9JN71,3
Q96GM8,0
Q9UKD1,3
Q9P0M6,2
Q9H0C2,4
Q96HD9,0
Q5HY98,3
Q6PCB7,4
Q6MZZ7,0
Q16555,0
Q9NVH0,0
Q9C035,1
O43603,1
P51531,0
P09960,0
Q16778,2
P15822,3
B2RN74,1
A6NMZ5,1
Q9UBY0,4
Q7Z5H4,1
P15586,0
O15354,1
P13682,3
Q8N7G0,3
Q8TDD2,3
A8MTJ6,3
Q6DJT9,3
Q9BZJ7,1
Q8TD20,4
Q92911,4
P0C604,1
O14628,3
P62263,2
Q8WXH6,0
P01589,1
P57103,4
Q8NGA1,1
Q9H5I5,4
Q8WZ55,4
P15923,3
Q9BZD6,0
Q9H497,0
P42766,2
P02679,2
Q9H963,3
Q8N2C7,4
Q05209,0
Q8WXS4,4
P62273,2
P52630,3
Q9Y276,0
Q9Y6H3,0
Q9Y345,4
P49802,0
Q5TGY3,3
Q969L2,2
Q9GZN2,3
P98066,0
Q9HD36,4
P63145,2
Q9Y625,1
P25100,1
Q01826,3
Q92843,4
Q10713,0
O15226,3
Q86T03,0
O95140,0
Q9UL62,4
Q6RFH8,3
Q9BZP6,0
Q12972,0
P12525,3
P17020,3
Q9UK80,0
O43566,0
A4D1S5,0
O15244,4
Q9UK33,3
Q9H4Q4,3
Q92542,0
Q8NGR8,1
P08311,0
Q2M5E4,0
Q9H3U5,4
Q13084,2
O95365,3
O94811,0
P49747,2
Q9NZ08,0
Q4J6C6,0
Q8TAW3,3
P50914,2
Q13029,3
Q96NJ6,3
Q9UPG8,3
Q9NQL9,3
O14646,0
Q3SXY8,0
O75398,3
Q13332,0
I3L3L1,0
P05090,4
Q6DKI7,1
Q96RE9,3
Q96NU7,0
P28360,3
Q16864,4
P58173,1
Q9Y4B4,0
P02458,2
Q96R30,1
P53007,4
A6NCS4,3
Q9Y6W3,0
P16870,0
Q8NH64,1
P13051,0
Q9NQE7,0
P14649,2
Q7RTS6,4
Q8NH63,1
P49902,0
Q9UKQ2,0
Q9NYS0,0
A6NF01,2
P85037,3
Q8NH07,1
Q8WZ79,0
Q8IWY8,3
O60353,1
Q8NGP6,1
P22891,0
P13533,0
O76027,1
Q8N141,3
Q5SRE5,2
Q99595,4
A0A1W2PPM1,3
Q9HDB5,1
Q86T26,0
P61073,1
P29323,1
P09131,4
Q8NGN0,1
Q9BYD3,2
Q6L8Q7,0
Q9H2U9,0
Q9BPU6,0
Q15111,0
Q9Y2P4,4
P11169,4
A8MTJ3,0
Q00325,4
Q14562,0
P98088,2
P35212,4
Q13342,3
Q15735,0
Q8IVJ1,4
Q9Y3Q0,0
Q8NGI2,1
A0A1B0GTW7,0
P30953,1
P51168,4
P35712,3
Q99835,1
Q8IVB4,4
P48039,1
Q9H2U1,0
Q96PP8,0
Q15743,1
Q96KM6,3
Q14526,3
Q13231,0
Q86Y79,0
Q9Y585,1
Q9BV23,0
Q969T7,0
Q9BY07,4
Q9BYU1,3
Q8IZC7,3
P32519,3
P49961,0
Q9UDV7,3
O43246,4
P55040,0
Q9GZR7,0
Q8NB15,3
Q8NGI3,1
Q9UNW1,0
Q7Z403,4
Q969P0,1
O14896,3
Q14031,2
O43524,3
O43464,0
Q7Z7H8,2
Q9H9J4,0
Q5TEC6,2
A1A5C7,4
Q5VTE6,0
Q9HCL3,3
Q92730,0
Q8IX06,0
Q9H816,0
Q9H8G1,3
P30550,1
P20936,0
Q8NF86,0
Q9UQ49,0
P61026,0
Q9NQ39,2
Q8NH95,1
Q96PQ0,1
P19622,3
O60443,4
O75319,0
P57772,0
Q9Y6N6,2
Q14330,1
Q00978,3
Q9HCC8,0
Q6Q8B3,1
Q9UII6,0
Q9Y5U8,4
P47881,1
Q96LI6,3
Q16787,2
Q9UPY3,0
Q9NY72,4
Q86VE0,3
Q93009,0
Q16651,0
Q9UPI3,4
Q13255,1
P35968,1
Q8NGL6,1
Q8N427,0
Q8NGH3,1
Q8IXI1,0
Q8N859,3
Q96LD8,0
Q15782,0
Q8NGZ9,1
P07919,4
Q9H3N8,1
Q8NGR4,1
Q14439,1
P51532,0
Q8IV48,0
Q9BUG6,3
Q2L4Q9,0
O00305,4
O75334,2
P00739,0
P24278,3
Q99877,2
Q9HC07,4
Q9NZC2,1
Q15286,0
O00487,0
P78562,0
Q8WUU4,3
Q9Y5P0,1
O75360,3
O60840,4
P51170,4
A0A1W2PQC6,0
Q8NCC5,4
Q9UKN5,3
P15863,3
P30876,0
Q96IS3,3
O94805,2
Q9HD90,3
P32248,1
Q9NQF3,0
P35556,2
Q9Y4W2,0
P17542,3
Q12864,4
A6NNA5,3
P51149,0
Q9Y6Y9,1
P22792,1
Q9HCU4,1
O95685,0
Q9BS34,3
Q8NCK7,4
Q9GZR5,1
P05976,2
O75078,0
Q14525,2
Q9NQ87,3
P16157,2
Q8NGJ9,1
P17028,3
Q96FI4,0
Q6IV72,3
P35908,2
Q8WYN0,0
Q96K75,3
P25445,1
O14595,0
Q9NRH3,2
Q504Y0,4
P54277,0
P18621,2
P0CJ78,3
Q9H1N7,4
Q8NGQ5,1
O15427,4
Q13555,0
P63130,2
O75608,0
P05783,2
Q6NXT4,4
Q15622,1
Q9ULY5,1
P07738,0
P07197,2
Q0ZGT2,2
Q15760,1
Q8NCS7,4
Q9NX20,2
Q9NY46,4
Q8N0Y3,1
Q9H078,0
O60281,3
Q2M2I5,2
Q96SZ4,3
Q9BT81,3
O15218,1
Q8IU99,4
Q96I13,0
P54296,2
Q02086,3
Q12913,0
O43820,0
P11362,1
Q14943,1
P03901,4
P63120,0
Q9NUL7,0
Q8N1W2,3
Q9BT17,0
P49588,0
Q4U2R6,2
Q6ICB0,0
Q96RB7,1
Q5QNW6,2
Q8TCC3,2
Q5TF39,4
O43365,3
A6NH11,4
Q9Y4E5,3
Q9Y666,4
P11047,2
Q3ZCT1,3
Q96GS6,0
O95202,4
Q8N436,0
Q13467,1
Q7Z6V5,0
Q15147,0
Q15388,4
Q9NQ69,3
Q8NGC8,1
P52848,0
Q9HAR2,1
Q9H3D4,3
P07311,0
Q13886,3
P78371,0
Q9H5Z1,0
Q14573,4
Q96MB7,0
P51784,0
P47902,3
Q14213,1
Q02543,2
P11117,0
Q16602,1
Q9H813,4
O76002,1
Q9P246,4
P30273,1
Q5TA50,4
P25686,4
Q14626,1
P24844,2
Q494X3,3
Q96R67,1
Q58FF6,0
P0DPK2,2
Q92968,4
P49207,2
O95847,4
Q8WUI4,0
Q9NSA2,4
Q9BXA9,3
Q8N6Y2,1
P40189,1
Q14863,3
Q9Y6R6,3
P17544,3
P14384,0
Q9NPJ3,0
P61020,0
P22760,0
Q12769,2
Q8NGY6,1
Q8NFU0,4
Q8NH89,1
O14669,0
Q8N697,4
Q8WYK2,3
P52747,3
P21728,1
P26998,2
Q9HBE1,3
Q02643,1
Q9BZ72,4
Q6ZWK6,0
P46782,2
O95180,4
Q9H8H2,0
P08218,0
Q6P4Q7,4
Q8NGV7,1
P01111,0
Q9UNK9,0
P48751,4
Q9H7X7,0
Q86SP6,1
P54132,0
Q8NCI6,0
Q14003,4
Q99811,3
P08047,3
Q99583,3
Q6J4K2,4
Q9H1Y3,1
O95870,0
Q8WZ82,0
Q13349,1
Q9NW15,4
Q06546,3
Q6V1X1,0
Q8NA29,4
Q24JQ0,4
Q8NH60,1
O14836,1
Q7L945,3
Q9Y3D8,0
Q92737,0
Q2UY09,2
Q15166,0
Q6UWQ5,0
A0A075B734,4
O94850,3
Q8NGI4,1
Q08629,2
Q13370,0
P01833,1
Q8NH00,1
P0DMV8,0
Q6PJQ5,3
O95452,4
O14771,3
P52743,3
O43315,4
P61313,2
Q9H0T7,0
Q3YEC7,0
O15403,4
Q96NZ1,3
Q70HW3,4
Q6U841,4
P20264,3
P17948,1
Q9NY47,4
P20823,3
Q96JW4,4
P54922,0
Q8NG95,1
Q9ULD8,4
Q7Z333,0
P14735,0
O95484,2
Q8NGL3,1
Q9UM73,1
Q9UIG8,4
Q86V88,0
O75487,1
Q6ZNW5,0
P09001,2
O95861,0
Q9Y2R2,0
Q6P1M0,4
P49639,3
P82912,2
Q96RT1,2
Q86YW0,0
Q96PT4,3
Q8IW36,3
O96009,0
Q49AA0,3
P30988,1
Q00722,0
P62269,2
P61296,3
Q9Y4A9,1
P20265,3
P17483,3
Q9BZW2,4
P35346,1
P11277,2
Q7RTY9,0
Q9NQA5,4
Q13469,3
Q8IZF6,1
Q9Y4P1,0
P28074,0
Q12866,1
O60412,1
Q96JL9,3
P82650,2
Q8IUE6,2
Q8IZC6,2
Q13304,1
Q05707,2
O15273,2
P16885,0
Q07507,2
P49682,1
Q9H3S7,0
Q5SQQ9,3
P16435,0
Q9UG63,0
Q92930,0
O75808,0
Q86WA9,4
P29033,4
Q16526,1
Q13118,3
Q8NGN5,1
Q7Z7K2,3
P53673,2
P78540,0
O00167,0
P53539,3
Q8NFW1,2
P20719,3
Q9NYV9,1
P84077,0
Q9NSD5,4
Q9NYW5,1
Q7Z6R9,3
P08236,0
P22415,3
P60510,0
Q969S2,0
Q9H1U9,4
Q9UP65,0
C9JVI0,0
Q9NPB8,0
Q8TF46,0
O14867,3
Q9UKP4,0
Q9NR31,0
Q9UH17,0
Q86UE3,3
P61244,3
P26232,2
P0CG23,3
O75438,4
Q9UKY1,3
P35348,1
Q12901,3
A1L453,0
Q6ZN06,3
Q86Y46,2
Q06495,4
P62873,0
P03897,4
Q96LU7,3
Q9UKS7,3
Q8NGC4,1
Q14249,0
O95147,0
Q9BSK0,2
Q6ZS27,3
Q8NH48,1
Q68DQ2,2
Q8NG85,1
Q9GZK6,1
P19835,0
A6NCM1,0
Q14938,3
Q9HD42,0
Q6PK57,0
Q6ZVK8,0
Q12809,4
Q96R45,1
P42858,0
P25940,2
P41181,4
P58180,1
O95238,3
P62879,0
Q9ULJ3,3
Q96K37,4
Q8NH55,1
Q10586,3
P15924,2
A6NGU5,0
Q8WY36,3
Q96E17,0
Q96P31,1
Q15768,1
Q8TAU0,3
P29972,4
P12755,3
A6NIE9,0
O15350,3
Q9BTV4,4
P40306,0
Q9Y6X5,0
Q9UIW0,3
Q14147,0
Q9Y2R9,2
A6NP11,3
Q9BQ61,0
Q5T619,3
Q9ULL4,1
Q8N413,4
Q9H2D1,4
O60658,0
Q3SY52,3
Q58FG0,0
Q9H773,0
O95235,0
Q99766,4
Q8N130,4
P28715,0
Q8NGG2,1
A8MYZ0,0
Q9BVA6,0
Q06889,3
P07315,2
P35612,2
Q06730,3
Q96D53,0
Q96PR1,4
P21291,2
A8MUV8,3
O75882,1
Q3SY17,4
Q4G112,3
Q9P0T4,3
P63136,0
Q5JUK3,4
P52758,0
P16499,0
O00154,0
Q9NYA4,0
O95833,4
Q92886,3
Q8WUJ3,0
P49789,0
O95944,1
Q9UJL9,3
Q8WY07,4
P51790,4
A0A0K2S4Q6,1
O43895,0
Q8NCV1,0
Q7RTY7,0
Q8NDH3,0
O75884,0
P0C7V7,0
Q8N819,0
Q9NQN1,1
Q15561,3
Q99538,0
P55916,4
P35900,2
Q8NH72,1
O95278,0
Q02575,3
P49758,0
Q9BZW8,1
Q6NSJ0,0
Q9NPB1,0
Q01543,3
P13645,2
O60765,3
Q9H6R0,0
Q9NRQ2,4
P09067,3
Q17RS7,0
O43829,3
Q9HA72,4
Q9H339,1
Q5QGZ9,1
Q8IY34,4
P49279,4
Q15940,3
Q9UQ26,2
Q9HCM2,1
O75317,0
Q8NHQ9,0
P28331,4
Q8TC27,0
O75161,2
Q7Z769,4
Q92481,3
P49810,0
Q13425,2
P04637,3
Q9BRP0,3
Q8IW92,0
P15313,4
Q96R09,1
Q6A162,2
P00414,4
A2PYH4,0
P05362,1
Q9UHD8,0
Q8N8Y5,3
P51157,0
Q86US8,0
Q2Y0W8,4
P05107,1
O14791,4
Q5TEC3,3
A8MX34,2
P32238,1
P26006,1
P36776,0
Q9NS75,1
Q96DB2,0
P17844,0
Q00056,3
Q99895,0
Q9NNX1,2
Q68DY9,3
O15432,4
Q8NGD1,1
A8MUK1,0
P15259,0
Q9HCK0,3
P35716,3
Q969V1,1
Q6P1N0,3
P36406,0
A6NF34,1
Q04671,4
Q8WXF5,2
Q9BQY4,3
Q8TDN1,4
Q6UWB1,1
Q08AG5,3
Q13795,0
P09493,2
Q13884,2
Q8IXU6,4
Q7L2E3,0
Q14568,0
P41250,0
P13686,0
Q68DD2,0
Q9GZU5,1
Q00577,3
Q9H329,2
P49755,4
Q96PE6,3
O95800,1
P78337,3
Q99712,4
Q9NRU3,4
Q8N8L6,0
O00144,1
O14978,3
O75290,3
Q7L211,0
Q9Y5P4,4
Q6NXR0,0
O95298,4
P48960,1
O95182,4
Q8NGG8,1
P55085,1
Q9BZF2,4
O60235,0
Q53GI3,3
Q8IUE1,3
Q8N1M1,4
A6NIM6,4
A0A1W2PQ73,3
P84095,0
P17405,0
Q86T24,3
A6NM45,2
Q9P0J1,0
Q96KX0,0
P62851,2
Q32MQ0,3
Q96LX8,3
Q9Y5P1,1
Q05215,3
Q8N680,3
O00451,1
Q9GZK3,1
Q12908,4
Q9BZV2,4
Q7L0X0,1
Q7Z3H4,3
P62753,2
P24530,1
Q92928,0
Q16719,0
P78545,3
P26045,0
Q7L1I2,4
P31327,0
Q9NZ20,0
Q8NH85,1
P35268,2
Q8NGR5,1
Q8NGK3,1
Q8IZJ1,1
Q13444,0
Q9ULE6,0
Q9H208,1
Q6ZNC4,3
Q9NR96,1
Q13203,2
O00712,3
O95201,3
Q8WY21,1
P40818,0
Q9H9B4,4
Q92618,3
Q6NVH7,0
Q14590,3
P15382,4
Q02548,3
Q14703,0
Q15612,1
Q3ZCQ8,0
P49019,1
A6ND01,1
Q08ER8,3
Q9NUN5,4
O75373,3
Q8TDI8,4
P62714,0
Q7KZF4,0
O95343,3
Q9BW11,3
P08913,1
P26196,0
P08173,1
Q9P0U1,4
Q5MCW4,3
Q96N28,4
Q8WTV0,1
Q9BY50,0
P04201,1
P78385,2
P51508,3
Q9Y6M9,4
Q8TE77,0
P42701,1
Q6V9R5,3
P15848,0
P35680,3
A8MZ59,3
P15085,0
Q9UBR4,3
Q8WYA1,3
O00411,0
O15144,2
P17980,0
P62701,2
Q8IZ26,3
O15178,3
Q17RR3,0
P13688,4
Q9BSA9,4
Q14149,0
Q03112,3
Q8NGG6,1
Q9UJU2,3
Q969W8,3
P55039,0
Q9BXU7,0
O00339,2
Q14566,0
Q00975,4
P38570,1
Q96LA5,1
P02652,4
Q6N075,4
P24158,0
Q7Z442,4
P0C0E4,0
Q12923,0
P15502,2
P04629,1
Q08209,0
Q9Y223,0
Q8NGP9,1
P0C617,1
Q9HCR9,0
Q01726,1
Q96QE2,4
Q3LI81,2
Q6ZRS2,0
Q8IUH8,0
Q16548,4
P0CW18,0
O60479,3
P15153,0
Q9NYD6,3
O75380,4
Q14209,3
P22607,1
Q9NZD2,4
O14874,0
Q13639,1
P08727,2
E9PGG2,3
Q99592,3
Q4V339,0
Q8TDU9,1
Q8TD46,1
P30939,1
O95498,0
Q4U2R8,4
Q9UDV6,3
Q92876,0
P35452,3
Q5VUY0,0
O75935,2
O14734,0
Q9H596,0
Q6UXG3,1
Q96QA5,4
O00370,0
Q8N3J5,0
Q96BN8,0
P48740,0
P00750,0
O43665,0
Q9NYA1,1
Q8N983,2
O94955,0
Q14571,4
Q8NGD5,1
Q8IZP9,1
Q6UXN2,1
P02788,0
O75462,1
Q9NSU2,0
P0C7I0,0
O60306,0
P78508,4
Q9Y277,4
Q9H0W9,0
P0CI00,3
Q16875,0
O60481,3
P06681,0
Q2NL82,0
P47804,1
Q07817,4
P10070,3
Q6ZMB5,4
A2VEC9,2
P60893,1
P08729,2
P41970,3
P10071,3
Q53GS9,0
Q8NG08,0
Q2TAA2,0
P18669,0
Q14872,3
Q8TF27,0
Q6NTF7,0
Q9UK39,0
Q58FG1,0
Q685J3,2
Q9BX82,3
O95445,4
Q8TEY5,3
Q96BV0,3
Q9UEY8,2
Q96G79,4
O95416,3
P05813,2
P63000,0
P06239,0
Q9H461,1
O95677,0
Q9C009,3
Q8NGF6,1
P62899,2
Q8WXI4,0
P08709,0
P32418,4
P35790,0
Q9UHM6,1
P57764,4
Q8TAK6,3
A6NKX4,4
P31269,3
O14656,0
P05538,1
O75077,0
O95243,0
Q9H628,0
Q9H0S4,0
P15036,3
Q02153,1
P31267,3
Q9Y5S1,4
Q13838,0
Q9UJW2,0
Q32M45,4
P25205,0
P22459,4
P55011,4
P17096,2
C9JLJ4,0
Q92841,0
Q9UJN7,3
P04004,2
P62847,2
Q8NGS2,1
Q9BYR7,2
Q8NHC8,1
P83731,2
P51815,3
O15146,1
O60755,1
P98177,3
P11161,3
Q8IU57,1
Q9UJ90,4
Q7L7L0,2
P41247,0
P34981,1
Q93096,0
Q8TCS8,0
Q14527,0
Q8NE86,4
Q9UQK1,0
Q8N895,3
Q9NSJ1,3
P83105,0
Q86V71,3
P46926,0
A0A1W2PQD8,0
P36404,0
Q9NXT0,3
Q03924,3
A2A3K4,0
Q9C0D4,3
Q9NY99,2
Q96NL3,3
Q9BQG2,0
Q70EK8,0
Q96RJ6,3
P24666,0
P03999,1
P0C7U1,0
Q9BQW3,3
Q8NGR6,1
Q50LG9,1
P35713,3
Q86UN2,1
Q9UNX9,4
Q14973,4
Q8N608,0
P15428,1
P0DPD5,3
Q8WWR8,0
P62820,0
Q8NGN4,1
Q9NQS5,1
Q9UBN6,1
P0C623,1
O95528,4
Q96TA2,0
Q16656,3
Q8IV08,0
Q7Z2Z2,0
Q9UPN3,2
Q9GZN4,0
Q16348,4
Q8NH49,1
Q8TAD4,4
Q9UBK7,0
Q92769,0
P22695,0
Q9NSB4,2
Q99697,3
O60882,0
P33992,0
O60911,0
Q9Y291,2
Q9UBC0,3
Q9Y3D9,2
Q9Y6M5,4
P49638,4
Q8IU68,4
Q8NFJ8,3
Q8NFU1,4
O43488,0
P07477,0
Q9Y6M0,0
Q92963,0
Q9UNW8,1
O95665,1
Q2TB18,0
Q86Y34,1
Q96LB1,1
Q7RTV3,3
Q9GZN6,4
P55064,4
Q2TAC6,0
Q5VZP5,0
Q9H6S0,0
O43525,4
Q9Y2N7,3
Q8TAE8,2
Q8IXM3,2
P27487,0
P63267,0
Q96LU5,0
Q5VSG8,0
Q6IQ20,0
Q6PII5,0
P52569,4
P0DPK5,2
Q9GZZ0,3
Q9NQ35,0
P46095,1
Q9ULC3,0
O15091,0
Q8NGT0,1
O14520,4
P23109,0
Q8NEB5,0
Q4KWH8,0
Q9HDD0,0
Q9BYW1,4
Q8NGJ1,1
P08034,4
Q96T25,3
A0PJK1,4
Q8NGL7,1
Q9H4T2,3
O75460,0
Q96Q91,4
P15151,1
Q13835,2
O14657,0
Q6ZSB9,3
O43688,0
Q9UL52,0
Q8NGH8,1
Q99797,0
P35251,0
O00574,1
Q96C10,0
Q6AHZ1,3
Q8TE58,0
Q8N1L9,3
P58400,1
Q07687,3
P51810,1
P52815,2
P17538,0
Q8NH74,1
Q9NZC3,0
P78424,3
P0DQD5,1
Q15744,3
P08240,0
P26715,1
P49910,3
P0C0S8,2
Q8NGJ2,1
Q8WUM0,2
P62891,2
Q9H2A3,3
Q17R60,2
P02647,4
Q14802,4
P07711,0
A8MTQ0,3
Q9BW91,0
Q96R48,1
Q9Y6L6,4
Q9NPB9,1
Q8TE59,0
Q96SD1,0
Q9UBP5,3
Q9NYG8,4
Q9Y2L8,3
Q8TD17,3
P51684,1
Q9BTX1,2
Q147U1,3
Q9NXA8,0
Q96NG8,3
A2RRD8,3
Q5BJF6,2
Q8NGF0,1
P17861,3
Q86VH4,1
P41595,1
Q14693,0
O75916,0
P23945,1
Q13635,1
Q5JQS5,1
O15209,3
Q9NS67,1
P53420,2
Q9NX46,0
O14939,0
O95848,0
Q7L0Q8,0
Q9NY43,3
P51674,4
Q9Y6B6,0
A6NK53,3
Q07820,4
Q99567,2
P24539,4
P61204,0
Q7Z429,4
P54802,0
P49281,4
O43749,1
Q96HQ0,3
Q99880,2
Q8IZS8,4
P62917,2
P02751,2
Q4JDL3,0
Q9NWS9,3
P21283,4
P37198,2
Q92620,0
O00584,0
P29466,0
Q13790,4
O95661,0
Q9BY84,0
O60894,1
Q8N695,4
Q08116,0
Q7RTS3,3
Q9HD33,2
P40313,0
P06276,0
Q8N972,3
Q8NGK6,1
Q04756,0
O15247,4
Q5VTM2,0
Q9UQR1,3
Q8NGZ3,1
Q8NBS3,4
Q14722,4
Q9H324,0
P03923,4
P25189,2
Q8N146,1
Q13021,2
Q9H9J2,0
Q7Z602,1
Q9H1E1,0
Q04695,2
Q8IVM8,4
Q9UBN7,0
Q8N7U7,3
Q9NRZ9,0
Q9BW62,0
Q86XP3,0
O75022,1
Q8N5A5,3
Q9BY15,1
Q9NUN7,0
Q96S65,3
P78415,3
P49662,0
Q15661,0
Q16288,1
A6NFU8,0
Q99081,3
P30041,0
Q5VVJ2,0
Q32ZL2,0
O75417,0
Q7RTU4,3
Q6SJ93,0
A6NEY8,0
Q16280,4
P50579,0
P43320,2
Q8N945,4
P78325,0
Q02094,4
Q9NRE2,3
P61566,2
Q9UL36,3
Q8IVL1,0
Q12974,0
Q86X76,0
Q9BXB1,1
Q9UBZ4,0
P05388,2
Q96C00,3
O76014,2
P62913,2
Q9Y235,0
Q5QJU3,0
Q02080,3
P63123,0
P35813,0
Q96L42,4
P08519,0
Q9H568,2
P35249,0
P17812,0
Q9NPD5,4
Q6P5R6,2
Q8NBB4,3
P43235,0
A8K4G0,1
O77932,0
Q96NY9,0
Q13520,4
Q15916,3
Q8NGL4,1
P00748,0
P59817,3
P48995,4
Q9NZH0,1
Q9Y216,0
Q8IXJ6,0
P38405,0
Q8TCT1,0
Q8WXI8,1
Q9BX10,0
O75489,4
Q9Y5Q3,3
Q15058,0
Q6ZVD7,3
Q16600,3
A0A087WUV0,3
O94762,0
P87889,2
Q15582,2
Q6IF82,1
Q6GTS8,0
Q6P2D0,3
O60602,1
Q8NGD2,1
P51124,0
Q96PP9,0
P20701,1
Q9Y6X8,3
Q6IEZ7,1
Q9NS68,1
P49641,0
Q13308,1
Q59GN2,2
Q96RJ0,1
Q08493,0
Q96CH1,1
Q9UIU6,3
Q8NGW6,1
A4D2G3,1
P0C870,0
Q93079,2
Q9H0R5,0
P49675,4
P28347,3
Q96F46,1
A0AV02,4
P30530,1
Q9UEW3,1
Q8N4F4,4
Q5XXA6,4
O60931,4
P62888,2
Q8N720,3
Q8NGX9,1
Q8N2A8,0
Q9Y5Y3,1
Q13286,4
O43763,3
Q9NRR2,0
Q96KW2,2
P60842,0
P28336,1
Q9UIX4,4
Q8IXE1,1
Q14332,1
Q13454,4
P29144,0
Q8IZD4,0
O95377,4
Q99685,0
O60462,1
P57057,4
Q8IZM8,3
Q9H0U6,2
P47736,0
Q6NS38,0
Q9UFF9,0
Q86V40,0
Q2M3W8,3
P35125,0
P06727,4
O15197,1
O14649,4
B7U540,4
Q7RTU3,3
P59544,1
Q96H40,3
Q9UP38,1
Q96MR9,3
Q14954,1
Q6UWY2,0
Q99814,3
Q5TGS1,3
Q96BM9,0
Q8N2K0,0
Q17R31,0
P08574,4
Q9UKU6,0
O75325,1
Q8NDL9,0
Q8N5C6,2
Q9UM07,0
O43681,0
Q6ZMV8,3
P35523,4
Q8IWT1,4
Q7Z7L1,0
Q9Y4E8,0
Q02447,3
Q1XH10,3
O00300,1
Q92771,0
Q53H82,0
O95744,0
P51841,1
Q9UHW5,0
Q6UWJ1,4
Q8NGB4,1
B0L3A2,1
O43184,0
O43598,0
Q86Z14,0
Q9Y4Z2,3
P28908,1
P07204,1
Q8NG94,1
Q14162,1
P78382,4
Q8N6M0,0
P23490,2
Q99678,1
Q86W47,4
P43631,1
O75840,3
P21854,1
P53708,1
P25391,2
Q9UKL2,1
Q96KK3,4
P16298,0
Q9Y5Y0,4
O00555,4
O75381,4
Q99466,1
Q8NGY5,1
P17026,3
P01100,3
Q9Y305,0
P53814,2
Q8N4V1,4
Q15853,3
Q9Y2K6,0
Q9NR82,4
Q9NX45,3
O15393,0
Q05940,4
O43676,4
Q9Y256,0
Q5VXJ0,0
Q9Y493,2
P19634,4
P52744,3
Q75N90,2
P19174,0
Q68DI1,3
Q5BKX6,4
P00751,0
P49441,0
P32455,0
Q8N3J9,3
P04001,1
Q9UPC5,1
Q8TE76,0
Q6BAA4,1
Q9HBT8,3
Q9H2Y9,4
Q6P9A3,3
Q96FN9,0
Q9ULW5,0
P62683,2
Q9P0V8,1
Q93033,0
Q9HCJ1,4
O00168,4
P25116,1
Q96M93,0
P63098,0
P22303,0
Q9UM47,1
Q8NBM4,0
P13647,2
Q86XU0,3
Q9NPC7,3
D6RA61,0
Q8N0Y7,0
Q6NW40,1
A6NHA9,1
Q86YW5,1
P36551,2
Q8IZ08,1
A6NKH3,2
Q99929,3
Q9QC07,0
Q92562,0
Q86VH5,1
Q9UPA5,2
Q9NYV8,1
Q12891,0
Q9HC73,1
Q9NYN1,0
Q9NY93,0
Q96BF3,1
Q49SQ1,1
P23975,4
Q9BX84,4
Q587J7,0
Q8NGF9,1
P41161,3
Q9NUV9,0
P11831,3
Q96QT4,4
Q9UHL0,0
P50548,3
P09467,0
P35548,3
Q6UX01,1
Q8NDG6,0
A6NIZ1,0
P60484,0
Q8WTR2,0
Q9Y3B7,2
O15442,0
Q02930,3
Q15672,3
Q9ULZ3,1
O15194,0
Q13283,0
Q9BZV3,2
Q9BZF3,4
Q9BYF1,0
P02675,2
P28039,0
Q9ULX5,0
P31268,3
Q9UQQ1,0
Q9ULQ1,4
P32314,3
Q9UH92,3
P17516,4
O43491,2
Q01344,1
P54278,0
Q6PML9,4
Q96N20,3
O14966,0
O00194,0
Q6IQ32,3
P36639,0
Q8NH76,1
Q9P1Q5,1
Q9UKM7,0
P09629,3
Q3SYB3,3
Q92854,1
Q9BZE4,0
O60741,4
Q6ECI4,3
P05141,4
Q96GD0,0
Q8WWT9,4
Q14674,0
Q14141,0
Q01970,0
Q15029,0
Q9H2C8,1
Q9GZV1,2
Q8TED4,4
Q6RW13,1
Q9H8M5,4
P61247,2
Q53F39,0
P00749,0
O43414,0
Q9NZN4,0
Q86TI2,0
Q04721,1
Q9P126,1
P17987,0
A1YPR0,3
Q9Y5U5,1
Q7L0J3,4
Q8TAU3,3
Q9Y2H2,0
B2RXF5,3
P09086,3
Q99525,2
P0C1H6,2
Q9P2J5,0
P30101,0
P53621,2
Q96MA1,3
Q96BZ4,0
Q7L7V1,0
Q12794,0
Q9NZ52,4
P17482,3
Q9GZP7,1
Q9BUY5,3
Q5BJD5,4
Q9H707,3
Q9H3M0,4
P61587,0
P17658,4
Q8N7P3,2
Q8NFJ5,1
Q9UK13,3
Q969X1,4
Q695T7,4
Q8IXI2,0
Q8IYX0,3
O94826,4
Q96G01,2
Q8NGK5,1
P23409,3
P17927,1
P18085,0
Q9UMZ3,0
Q6PK81,3
Q6ZNF0,0
Q99687,3
Q9Y2C9,1
P15086,0
Q9NPD3,0
Q96LB0,1
P08217,0
P11142,0
O15499,3
P16389,4
P08151,3
P49959,0
P32927,1
Q9Y6H6,4
P35367,1
Q9Y6I4,0
P0DTE7,0
Q9UNY4,0
O60548,3
Q16667,0
Q9C0K1,4
P49753,0
P05187,0
Q9UNM6,2
P51888,2
Q71UI9,2
Q92806,4
Q5TA45,0
Q96SB8,0
P16930,0
A6NDR6,3
O14668,0
Q9UPT9,0
Q9BZJ8,1
P04156,1
Q92820,0
P42226,3
Q14651,2
Q8IYS0,4
Q8N5J2,0
Q96QE3,0
Q8NGE8,1
P35575,0
Q8N149,1
O96004,3
Q16236,3
P35998,0
Q9BQK8,0
Q8WUX1,4
Q9Y272,0
P10916,2
Q6ZN44,1
P78330,0
P32241,1
Q92953,4
Q8NEK5,3
A6NKK0,1
Q9UHA3,2
P50553,3
P19235,1
P57740,2
Q99523,1
Q9H4L4,0
Q53RT3,0
Q9UL26,0
A6NHR9,0
Q9UNY5,3
Q13488,4
Q8NBR6,0
Q6S8J3,2
Q9H936,4
P62266,2
Q68CJ6,0
Q8TDD1,0
P13073,4
Q8NDY6,3
Q92905,0
O43711,3
P47884,1
P61221,0
Q8TDU6,1
Q9NQT8,0
Q9BZQ6,0
Q12931,0
Q92959,4
O00178,0
P98073,0
Q9P2J9,0
Q6P5W5,4
O15357,0
Q8WVQ1,0
Q8N4P3,0
P60059,4
O43808,4
Q8TCW9,1
Q9H252,4
Q8NGH7,1
P22059,4
Q00688,1
Q96GZ6,4
Q13018,1
Q8NGC6,1
P43243,2
Q99453,3
Q7LBE3,4
Q9UK23,0
P01906,1
Q9H4K7,0
P12107,2
Q6ZMV9,0
O94760,0
A0A2R8Y4L6,1
P0C7N5,1
O00238,1
Q96PZ2,0
P05549,3
O15303,1
Q86W56,0
P14091,0
Q05195,3
P62424,2
P40259,1
A0A1W2PQL4,3
P61353,2
Q9BXJ8,4
Q9BQR3,0
Q8IYB7,0
Q9Y4C0,1
P56559,0
Q8NG92,1
Q8NHC6,1
Q8TAE7,4
P22304,0
Q96R84,1
Q15072,3
P54756,1
Q02878,2
Q8N8L2,3
Q5FVE4,0
O94966,0
Q8WYN3,3
P35221,2
Q5KU26,1
P50443,4
O75019,1
Q13401,0
Q86V25,0
Q9Y257,4
Q92754,3
Q96A47,3
P06703,4
Q05639,0
P12821,0
P55211,0
Q8TBC5,3
Q7Z5H5,1
Q8IZH2,0
Q86UP3,3
P14621,0
Q01201,3
Q9HB07,0
Q9Y5J6,4
P51801,4
P50222,3
P10747,1
P62987,2
O14981,0
Q8TDS4,1
Q7Z398,3
Q8TDD5,4
Q9BXS9,4
P23508,1
O75387,4
A8MTI9,0
P01106,3
Q9BXC0,1
P02808,2
P09871,0
Q96P26,0
Q9BXS4,0
P13378,3
O00291,2
Q6P161,2
P09238,0
P42677,2
O14638,0
P09848,0
P31939,0
Q8IVP9,3
Q4G0A6,0
Q9Y2T6,1
Q9BXW6,4
Q9Y530,0
Q01954,3
Q8NH81,1
P62955,4
O15516,3
Q5SRD1,4
Q9Y691,4
P27695,0
Q13516,3
Q8NDY3,0
P06213,1
Q7Z5A4,0
Q01973,1
P58170,1
Q8NGL1,1
Q92826,3
Q15116,1
Q16671,1
Q9UKL6,4
Q8TDS5,1
P54252,0
Q12756,0
Q8NGF4,1
P41220,0
Q9C056,3
Q9BSY9,0
Q5T890,0
Q9Y3N9,1
Q8IV77,4
Q8NGS8,1
Q5T1R4,3
Q6IQ22,0
Q6P9G9,3
Q9NZI2,4
Q92889,0
Q2M1V0,3
Q13547,0
Q96FJ0,0
Q9NYW3,1
Q9H0C8,0
Q8N371,0
P28370,0
Q5RIA9,0
Q96T52,0
Q96P67,1
P30954,1
Q8WWX8,4
Q9UKT9,3
Q9BYT8,0
P0CJ85,3
P25929,1
Q02962,3
P17097,3
P59541,1
Q96H55,0
P39748,0
O94898,1
Q9NP59,4
Q96RI0,1
Q8N143,3
Q8TB40,0
Q58FF3,0
Q01101,3
Q9NQZ8,3
Q96HA8,0
Q9ULR3,0
P52179,2
Q9UNI6,0
P00747,0
O00222,1
Q86U10,0
P30556,1
Q6DD88,0
P35913,0
Q75V66,4
P23142,2
Q8N5C1,4
Q96P65,1
Q8N2I2,3
P07858,0
Q8NGX3,1
Q9NVJ2,0
P19086,0
Q14186,3
C9JPN9,0
Q8N357,4
Q10588,0
P62750,2
Q15334,2
O95236,4
Q9P212,0
Q96FW1,0
Q9BXX0,2
Q01538,3
Q8N6M5,0
Q99956,0
Q9HCS4,3
Q8NG81,1
Q5D862,2
P46100,0
P21281,4
Q8NGE9,1
Q8NAC3,1
P49790,2
Q8NBI2,4
Q13336,4
O43462,0
Q969Q5,0
Q86XP0,0
Q9BZ11,0
Q9NZV7,3
P0DTU3,1
Q96BW5,0
P08637,1
P51160,0
Q5BKX5,0
Q9HBW0,1
Q9NYV7,1
P28335,1
Q15814,0
P58397,0
Q9H598,4
P48029,4
Q9HD34,2
Q9HAU8,0
P21554,1
P43119,1
Q9NQ66,0
O76074,0
Q13585,1
P34969,1
Q9BSF4,4
P84243,2
Q03692,2
Q86TX2,0
Q9UKP6,1
Q8N7X0,0
P21917,1
Q9BQP7,0
P15621,3
Q8NGS5,1
P10745,0
Q8NH90,1
Q92908,3
P0C7N1,1
O75123,3
P47901,1
Q3SY84,2
Q13093,0
P21589,0
O60543,4
P63125,0
P16471,1
Q8TE57,0
P36269,0
O43248,3
Q8N490,0
Q2VWP7,1
Q13129,3
Q9BYE2,0
P59539,1
O94916,3
Q03933,3
Q96H86,3
P32456,0
P08473,0
Q96D96,4
P17032,3
Q8IXF0,3
Q13410,1
Q5VZR4,4
O43614,1
O15327,0
Q68DY1,3
Q9Y226,4
Q8IYI8,3
Q16527,2
P52738,3
P0DJD9,0
O75439,0
P41439,1
Q2M3T9,0
Q8WXD0,1
Q8N661,0
P0DV77,3
Q9NQT4,0
Q7RTT9,4
Q8NAF0,3
O75409,2
Q9H7J1,0
P36405,0
Q9ULC6,0
Q5JWF2,0
Q05481,3
A0PG75,4
P28328,4
Q14244,2
O43674,4
P19957,2
Q9Y2Y9,3
Q5T2N8,0
Q9Y620,0
Q9Y6J6,4
P53567,3
Q9Y692,3
Q6PIS1,4
Q9Y3B8,0
P07305,2
Q8N1F7,2
Q96RC9,1
Q03828,3
A1A4Y4,0
P48378,3
Q8N5S1,4
Q8NGB2,1
P20700,2
Q8NGZ6,1
Q9Y5R5,3
Q9UI38,0
Q9Y2C5,4
Q9HB40,0
Q8N8A6,0
O14561,2
Q99250,4
Q5U5Z8,0
Q86UD5,4
Q8NF99,3
Q8NI77,0
P04746,0
Q8NG76,1
Q9BYR8,2
Q8N6P7,1
O76083,0
Q9Y6Q6,1
Q16549,0
Q5TFE4,0
Q9Y399,2
Q8NH87,1
P35749,2
P61371,3
P55056,4
Q9ULV5,3
P56199,1
Q86VL8,4
Q9H3J6,0
Q8N6U8,1
O60683,4
Q96DE0,0
P42785,0
Q96RR1,0
Q9Y646,0
Q2VIR3,0
Q02577,3
Q6W3E5,0
O00139,0
P78367,3
Q5M8T2,4
Q8NGA6,1
Q3LI83,2
Q9UMD9,2
P20336,0
Q8NA42,3
O43361,3
P45381,0
Q86YJ6,0
P35663,2
Q8ND82,3
Q0VG99,3
Q9H340,1
Q96AC6,0
Q8NBJ9,4
Q9UPY5,4
Q8WVY7,0
Q96FZ2,0
Q15784,3
Q92847,1
Q8N6M6,0
Q9NS87,0
P15880,2
Q9BQA5,3
Q8IUR6,3
Q7Z3V5,3
Q68EA5,3
P03915,4
Q96R72,1
Q96P66,1
Q9NXL6,4
P16401,2
Q9HCF6,4
P08138,1
Q9UJT1,2
A6NL08,1
A8MPS7,0
O60895,1
Q5CZA5,3
Q8N7R0,3
Q01955,2
Q6PJP8,0
P35462,1
Q9Y614,2
Q8NGN1,1
Q9UF33,1
Q9UJW8,3
Q8NHA6,1
Q8WXQ8,0
Q8NCM2,4
Q93091,0
P28566,1
Q9HCN3,0
P11021,0
Q9H2S9,3
P43251,0
Q8NGA5,1
Q496F6,1
Q9NRM1,2
Q7Z2E3,0
Q9NR30,0
Q07011,1
Q6XZB0,0
P20849,2
Q92949,3
Q8NH04,1
P13224,1
Q8N184,3
Q8IZ20,3
P12104,4
P20702,1
Q6UXV0,1
P12757,3
O95453,0
Q9Y6Q1,0
Q8NH83,1
O95630,0
Q07864,0
Q07108,1
Q49AN0,1
P54317,0
O60902,3
Q66K79,0
Q8IYL9,1
Q01484,2
Q8NC01,1
Q13485,3
Q16518,0
Q9UN79,3
Q6UXD7,4
Q9P0K8,3
Q9BY21,1
Q03721,4
O76001,1
P23511,3
Q8NGN6,1
Q9H300,0
Q9BZE0,3
Q6ZTB9,3
P31785,1
O14732,0
Q9NZS2,1
Q8NHB8,1
P25942,1
Q96T54,4
B7ZAQ6,4
P43699,3
Q96FN5,0
Q16558,4
Q9NS66,1
O00746,4
P23229,1
O43623,3
P49683,1
Q8NGC3,1
Q92522,2
P55061,4
P04066,0
Q9BTE6,0
O60393,3
Q6P280,3
O60346,0
P09917,0
P48547,4
Q12837,3
Q9UG22,0
Q9NV23,0
Q6UWM7,0
Q6UXT6,1
Q8NGA0,1
Q13867,0
O60682,3
P17039,3
Q8N635,0
Q6ZS10,1
Q99626,3
P20591,0
Q96SM3,0
P29371,1
Q0VAA5,0
P51452,0
P08922,1
Q96PS8,4
Q6ZT77,3
Q8NAP3,3
Q96IU4,0
Q9BQ31,4
Q9H6D3,4
P01920,1
Q8NGX6,1
O75473,1
Q93075,0
P32245,1
Q99832,0
Q3C1V9,0
Q53S08,0
P09496,2
Q2LD37,4
Q03252,2
Q96CP6,4
O14531,0
Q9H2X9,4
P52198,0
P26717,1
B1APH4,3
Q6P4A8,0
Q9NS69,4
Q15935,3
Q9UF02,4
Q8NH16,1
Q8NBW4,4
O95976,1
A8MYZ6,3
Q6UXZ3,1
Q96S44,0
Q9BTM1,2
P22105,2
Q9Y2D1,3
O95057,0
Q13822,0
Q5JNZ5,2
P25103,1
Q9UHV8,0
P10072,3
Q2VY69,3
Q8NGP4,1
Q96KK5,2
Q8N8Z8,3
P05091,0
Q9P1Z0,3
Q12981,4
P03951,0
Q9Y2J2,2
Q9Y2D9,3
A6NFQ7,3
Q96SQ7,3
Q70CQ1,0
P53582,0
Q9Y6W8,1
P11597,4
Q13621,4
Q8WXS8,0
Q8NGG7,1
Q6ZVW7,1
Q8TBB6,4
Q5PT55,4
Q13422,3
Q96T60,0
Q86T82,0
Q6P1K1,4
P0CG38,2
P11226,1
Q13569,0
Q14093,2
P12270,2
O95178,4
Q8NHC7,1
P41214,1
Q8IUE0,3
A6NK75,3
Q8TDE3,0
P35410,1
Q5TC79,3
Q9NYZ4,1
P21730,1
Q8TCT9,0
Q9H346,1
P18825,1
Q9BWV3,0
Q9UBY5,1
P46199,0
Q6P1L8,2
Q96AX2,0
Q9GZM6,1
Q8N1E2,0
Q96MI6,0
Q8NGL0,1
P56880,2
Q8IXZ3,3
Q06141,1
O95865,0
A6NNN8,4
O60449,1
O15455,1
Q96EH5,2
Q7Z444,0
Q8IZF5,1
O75900,0
Q5VTE0,0
Q8NGQ3,1
Q7Z4Y8,4
Q03167,1
P58107,2
O95971,1
Q8NCG7,0
P26373,2
Q9NTJ5,0
Q14582,3
O95409,3
Q9H2H9,4
Q8IVH4,0
O60476,0
Q9NZJ9,0
P09619,1
O75578,1
Q9H2Z4,3
Q86Y91,0
P10768,0
Q9UNE0,1
Q8NGU4,1
P32249,1
Q8NGD3,1
Q8TE49,0
P13349,3
Q499Z4,3
P17302,4
Q16611,4
Q8NGC7,1
P83110,0
A6NJY1,4
P39210,4
Q9BTY2,0
Q96FC9,0
Q9Y2R5,2
A0PJY2,3
Q8IWU6,0
Q8NGZ4,1
Q14642,0
Q14765,3
Q9BXI3,0
O94979,2
P56817,0
Q9UMR7,1
P40238,1
Q8IYD1,0
Q9UKX5,1
Q9NZK7,0
Q9UPW0,3
Q6U7Q0,3
Q8IZF3,1
A8K0S8,3
Q92539,0
Q15699,3
Q9P275,0
P62805,2
A8MX76,0
P48436,3
P12980,3
Q9Y519,4
O60830,4
Q9H841,4
Q9UJU5,3
P46092,1
Q9Y2V3,3
Q8IYB8,0
Q3SXZ3,3
Q9P2E2,0
P54764,1
P35453,3
P10265,0
P60602,4
Q0D2J5,3
A6NJG6,3
Q9HB90,0
O15031,1
Q16534,3
O14514,1
O95716,0
P07951,2
P0CJ87,3
P52736,3
Q9BWM5,3
P35475,0
Q92858,3
P07550,1
O76009,2
P17035,3
O95967,2
P37288,1
Q9NYW8,3
Q96AA3,4
Q70SY1,3
Q01968,0
Q06945,3
Q8WYJ6,0
Q9Y3D5,2
Q9NU39,3
Q0P5N6,0
P63096,0
Q9NS61,4
O14773,0
Q9Y6I0,0
Q5SXM1,3
Q8IUF1,0
Q9UFB7,3
P17025,3
Q6NUN9,3
Q86Y22,2
Q8TF47,3
Q7RTX9,4
Q9Y570,0
P86452,3
Q8TD26,0
Q86VW1,4
Q9NST1,0
P10966,1
Q9Y2H8,3
Q7L8A9,0
Q8NHM4,0
Q9UQ84,0
Q8NCN2,3
Q8TDS7,1
O94875,2
Q9HCK4,1
Q9NQI0,0
Q8NGD4,1
O15015,3
P61158,2
Q13127,3
P08572,2
Q8TBJ5,3
P78426,3
Q99677,1
Q5EG05,0
P28062,0
Q9P2H5,0
Q08043,2
Q9UIQ6,0
P50219,3
O43826,4
P00156,4
O76041,2
Q12947,3
Q8IYN0,3
Q9HC96,0
Q96RI8,1
P25490,3
Q92851,0
O75690,2
Q15465,0
P52798,1
P10266,0
Q92786,3
P30531,4
P50549,3
P63218,0
O43193,1
P41587,1
Q9Y2M0,0
Q8TEA8,0
Q96SA4,4
P08754,0
Q96P64,0
Q9NPA1,4
Q9BXK1,3
Q9Y251,0
O94778,4
Q6NXT2,2
Q6YBV0,4
Q8N1S5,4
Q8WVH0,4
P14923,2
P34982,1
P48307,2
Q92835,0
Q9Y2E8,4
P63124,0
Q96R27,1
Q9H609,3
Q8IW19,0
Q96LW1,3
A0A8I5KQE6,2
O00570,3
Q96GC9,4
Q7L5L3,0
Q9BY32,0
O43511,4
Q99437,4
P20339,0
Q9Y2K1,3
P0CK97,4
Q9UMR3,3
Q00444,3
Q9NPC1,1
Q8WTS1,0
P14416,1
Q15583,3
Q9H161,3
Q14469,3
Q8TEB9,0
Q8NGN2,1
Q9UBN1,4
Q96K58,3
Q9P2N4,0
P62841,2
Q13017,0
Q0VGE8,3
Q15973,3
Q14123,0
A0A024RBG1,0
A8MYU2,4
Q8N8V2,0
Q9H8K7,0
O95185,1
P18545,0
P15090,4
P49327,0
Q8NH41,1
Q96P68,1
Q86UV5,0
Q8NGU9,1
Q9UQG0,0
Q96QH8,0
P16403,2
Q00653,3
Q96BR9,3
P11912,1
P39060,2
Q7RTU1,3
P21709,1
P56597,0
P61006,0
O95263,0
O60675,3
O95153,4
Q9NQX1,3
Q9H015,4
Q9H334,3
Q01804,0
Q8NHA4,1
O75947,4
Q9Y6C5,1
Q96H72,4
Q9NRR4,0
O75437,3
Q9NQL2,0
Q9P2D1,0
P55087,4
O96008,4
P46776,2
Q9UKW6,3
Q9UJ71,1
Q8TB61,4
Q96P88,1
Q6ZSZ6,3
P42575,0
Q9NZV8,4
Q7RTU0,3
Q92621,2
A6NMU1,1
P29372,0
Q9H4E5,0
Q6DKI1,2
O76011,2
Q8NCT3,0
P35321,2
Q15617,1
P10721,1
P32019,0
O15492,0
P07316,2
Q9HC78,3
O75394,2
Q9Y5K6,2
P01909,1
O15431,4
Q92900,0
Q17RW2,2
Q93077,2
Q9Y543,3
P51884,2
P27708,0
Q902F9,2
Q8NH67,1
A1A4F0,4
Q5R387,0
Q9GZM7,2
Q9NR55,3
B7ZC32,0
Q05516,3
Q92692,1
Q8NHS3,4
Q8NGG3,1
Q13405,2
P09497,2
Q8TET4,0
Q6P5S7,0
P36542,4
Q16363,2
O42043,2
Q8WXS5,4
P51172,4
Q9H857,0
P21941,2
Q9BYC8,2
P08842,0
P61952,0
Q9NZ71,0
Q6PIU2,0
Q96NT5,4
Q9Y5K2,0
P17655,0
Q9Y4X4,3
O76100,1
Q8NGD0,1
P55347,3
Q9UI12,4
Q14653,3
Q3MJ16,0
Q96NY7,4
Q9H2V7,4
P31270,3
O00748,0
Q9UKV5,1
A6NN92,4
Q6GPI1,0
O00220,1
Q15777,0
P15088,0
Q96G74,0
Q6U736,1
P27169,0
Q5JVG8,3
Q9NYR9,0
Q9NRE1,0
Q8NGC1,1
Q9Y3Q7,0
Q15303,1
Q9NZC9,0
Q9NS82,4
P29460,1
P17706,0
Q6IF99,1
P26951,1
Q5XKR4,3
Q9H3S3,0
Q9NVA2,0
P10809,0
Q9UNT1,0
Q96D21,0
Q9H9G7,0
P20963,1
Q13568,3
Q8N4L2,0
Q9UD57,3
Q86XN6,3
P61513,2
Q6EMK4,1
O15372,0
O95372,0
Q8NGI9,1
O43638,3
Q8NB90,0
Q5FWF4,0
Q7L513,1
Q9NS40,4
P49796,0
Q96GQ7,0
O95838,1
Q8IZK6,4
Q9Y5R2,0
O00429,0
O14558,2
O95136,1
O94830,0
Q15223,1
P0DW85,2
P0CJ79,3
P21796,4
P43088,1
Q96S66,4
A6NM28,3
Q8N4G2,0
P43005,4
Q8N142,0
Q6PEX3,2
P62491,0
Q13107,0
O75787,1
P02462,2
Q9BYD1,2
Q8IVC4,3
O15355,0
Q9NP70,2
Q5T1Q4,4
Q13443,0
Q9UIH9,3
Q9UMR5,0
Q14188,3
Q96QV6,2
Q01432,0
A6NH00,1
Q5SVS4,4
P24821,2
Q9UGI6,4
P84098,2
Q99463,1
Q9BZG1,0
O75362,3
Q9H205,1
Q9NUA8,3
Q9UN42,4
Q9UH03,0
Q9UH77,2
P17050,0
P54578,0
Q9NY37,4
P32856,2
Q6QNY0,4
Q12765,0
Q9UJQ4,3
Q9Y619,4
Q8N257,2
Q8IV20,0
Q92901,2
Q96KN9,4
O43526,4
P81133,3
Q14197,0
P0CH99,3
P60763,0
Q96SU4,4
Q9NUQ8,0
Q8NHB7,1
Q9H2U2,0
P35368,1
Q9Y6I9,1
O95299,4
Q86UR5,2
P36402,3
P32242,3
Q6UWB4,0
Q9NQ76,2
Q96MI9,0
Q9Y3D3,2
Q6NXT6,1
O14494,0
P39877,0
Q99853,3
Q8NGF3,1
Q99879,2
P35858,1
Q9H611,0
Q70CQ3,0
Q96SR6,3
P18859,4
Q3L8U1,0
Q9UI33,4
Q96EB6,0
Q9UHI8,0
Q9Y6N7,1
P01112,0
P51582,1
Q8NFN8,1
Q8NGG0,1
Q7RTY0,4
P18124,2
Q8IYP2,0
Q13105,3
Q9UHY7,0
Q15043,4
A8MPP1,0
O15232,2
Q8NBQ7,4
P29992,0
O14807,0
Q8NH61,1
Q5VYV0,3
Q9H9D4,3
Q9UKV8,0
Q13424,2
Q9BX63,0
P68104,0
P11532,2
Q16515,4
P31260,3
O75751,4
Q9Y330,3
Q95460,1
Q6NSJ5,4
Q16352,2
P08708,2
P78414,3
P02538,2
P12235,4
Q8N468,4
Q7Z3Z0,2
O60667,1
Q8TCD6,0
Q5T848,1
P10144,0
Q9Y6V7,0
Q9GZW5,3
Q9NYK1,1
P27815,0
P52740,3
P17041,3
P62280,2
P36873,0
Q4ZJI4,4
Q5T6V5,0
Q7Z3Y9,2
P17030,3
Q9P243,3
P46059,4
P14555,0
Q8NHC5,1
Q9Y4G6,2
Q6NVY1,0
O60806,3
P59510,0
Q6UW60,0
Q96A46,4
Q9NQ30,2
Q96EP9,4
Q9UPM9,1
Q5VUJ5,0
O14672,0
P59047,2
Q1EHB4,4
Q96E52,0
Q9NUW8,0
Q13887,3
Q96B33,2
Q13705,1
O00187,0
Q13724,0
O15335,1
Q12948,3
Q6P531,0
O60242,1
Q969S8,0
Q8TF71,4
O00408,0
P57727,0
Q8IWU4,4
P41180,1
Q9Y2J8,0
Q9Y2I7,0
P62277,2
Q15329,3
P19447,0
O43909,1
Q99676,3
P16402,2
P42229,3
P62736,0
P49685,1
Q15771,0
Q8N1N4,2
O00624,4
P04233,1
P62166,4
Q99808,4
Q9Y2X9,3
Q96AB6,0
Q969M1,4
P0C7M4,3
Q71UM5,2
P39059,2
O76090,4
Q14108,1
A6NFI3,3
Q9Y5X5,1
P56385,4
D6RBM5,0
Q13936,4
O95047,1
Q9NZI6,3
Q96PJ5,1
P98164,4
P45452,0
P00918,0
Q9UI09,4
P25021,1
P17509,3
P15408,3
Q9HC62,0
P62191,0
Q8TBP6,4
P18848,3
Q8NER5,1
Q8WY54,0
O75467,3
Q96HZ4,3
P59044,1
Q9BRI3,4
Q00169,4
Q63HM1,0
Q9Y222,3
Q14896,2
P11717,1
Q99102,2
O14579,2
Q9NPY3,1
Q9Y5B0,0
O94925,0
Q9UK12,3
Q9NRR6,0
P13765,1
P10412,2
Q8NGR1,1
Q7Z7M1,1
P58181,1
Q9NQX6,3
P14207,1
Q0VDF9,0
Q9GZK7,1
P46091,1
Q6PDB4,3
P62861,2
Q14839,0
P56179,3
P84085,0
Q7L1W4,4
Q9C0H2,4
P0DJR0,0
Q9BVL2,2
Q86UP8,3
Q7Z4S6,0
Q9BRQ3,0
Q8NH94,1
Q15631,0
P51689,0
O75449,0
P78347,3
O43313,3
Q6A163,2
Q9H3G5,0
Q5VVQ6,0
Q9UBF2,2
Q86VZ1,1
Q6Q788,4
O75818,0
Q9BQ39,0
P08590,2
O43194,1
Q8NGY7,1
P53041,0
O43847,0
Q7RTX1,1
Q96AH8,0
Q14790,0
P25106,1
Q496J9,4
Q14694,0
O95167,4
Q8N127,1
Q8TCT7,0
P78357,1
P23527,2
Q9UM63,3
P25208,3
Q14520,0
P28698,3
Q9UL49,3
D6RJB6,0
P48742,3
Q6XD76,3
P63126,2
A6NH57,0
Q96L46,0
P08861,0
Q8N414,0
Q9H008,0
Q9H0E7,0
P06127,1
O60431,1
Q15937,3
P57789,4
Q8NH57,1
Q9BRG1,2
P38919,0
P06340,1
B4DXR9,3
Q96GM1,0
Q6ZMP0,0
Q76MJ5,0
P78381,4
Q5NUL3,1
Q9NR83,3
P41252,0
P56270,3
Q08623,0
Q96BF6,3
Q8NHC4,1
Q9H341,1
P13726,1
Q6UXK5,1
Q14807,0
Q9UHL9,3
P51685,1
Q9NP92,2
P31641,4
O60663,3
P22732,4
P54219,4
Q13415,0
P78509,0
Q9HCX3,3
Q3MIR4,4
Q16819,0
Q9NQV5,3
P49716,3
Q70EK9,0
Q8TE54,4
Q09FC8,3
Q9NQE9,0
Q9Y5J9,4
Q17RH7,3
Q8NGK2,1
O75508,2
Q13702,2
Q6NYC1,1
Q9UNN8,1
Q8NGP2,1
Q99705,1
Q12918,1
Q9Y6G3,2
Q8NGM1,1
Q9NZP0,1
P21128,0
Q9GZU2,3
P05496,4
P30793,0
Q9NP62,3
Q92952,4
Q70EL2,0
Q9H6X2,1
Q8N0Y5,1
